{"n":{"t":"AppCreatedEvent","s":"app-4d184d5a-f661-48c9-b0d8-deabdf65ac13","p":"{\u0022name\u0022:\u0022portal-minfin\u0022,\u0022appId\u0022:\u00224d184d5a-f661-48c9-b0d8-deabdf65ac13,portal-minfin\u0022,\u0022actor\u0022:\u0022subject:649d60504c352fe463b1b285\u0022,\u0022fromRule\u0022:false}","h":{"EventId":"fff394ab-1b9b-4205-9517-2c3138dbb6ae","Timestamp":"2023-06-19T14:39:32Z","AggregateId":"4d184d5a-f661-48c9-b0d8-deabdf65ac13","CommitId":"60ef9f53-e49c-4d0e-aad7-2ea8442c19a3","EventNumber":"1688119085-1-0-1","EventStreamNumber":0,"Restored":true}},"streamName":null,"eventPosition":null,"eventStreamNumber":0,"data":null}