{"n":{"t":"AppSettingsUpdatedEvent","s":"app-4d184d5a-f661-48c9-b0d8-deabdf65ac13","p":"{\u0022settings\u0022:{\u0022patterns\u0022:[{\u0022name\u0022:\u0022Email\u0022,\u0022regex\u0022:\u0022^[a-zA-Z0-9.!#$%\\u0026\\u2019*\\u002B\\\\/=?^_\\u0060{|}~-]\\u002B@[a-zA-Z0-9-]\\u002B(?:.[a-zA-Z0-9-]\\u002B)*$\u0022,\u0022message\u0022:null},{\u0022name\u0022:\u0022Phone\u0022,\u0022regex\u0022:\u0022^\\\\(*\\\\\\u002B*[1-9]{0,3}\\\\)*-*[1-9]{0,3}[-. /]*\\\\(*[2-9]\\\\d{2}\\\\)*[-. /]*\\\\d{3}[-. /]*\\\\d{4} *e*x*t*\\\\.* *\\\\d{0,4}$\u0022,\u0022message\u0022:null},{\u0022name\u0022:\u0022Slug\u0022,\u0022regex\u0022:\u0022^[a-z0-9]\\u002B(\\\\-[a-z0-9]\\u002B)*$\u0022,\u0022message\u0022:null},{\u0022name\u0022:\u0022Url\u0022,\u0022regex\u0022:\u0022^(?:http(s)?:\\\\/\\\\/)?[\\\\w.-]\\u002B(?:\\\\.[\\\\w\\\\.-]\\u002B)\\u002B[\\\\w\\\\-\\\\._~:\\\\/?#%[\\\\]@!\\\\$\\u0026\\u0027\\\\(\\\\)\\\\*\\\\\\u002B,;=.]\\u002B$\u0022,\u0022message\u0022:null}],\u0022editors\u0022:[],\u0022hideScheduler\u0022:false,\u0022hideDateTimeModeButton\u0022:false},\u0022appId\u0022:\u00224d184d5a-f661-48c9-b0d8-deabdf65ac13,portal-minfin\u0022,\u0022actor\u0022:\u0022subject:649d60504c352fe463b1b285\u0022,\u0022fromRule\u0022:false}","h":{"EventId":"7435b1f4-22a1-4de7-a689-28be5bffd6b0","Timestamp":"2023-06-19T14:39:32Z","AggregateId":"4d184d5a-f661-48c9-b0d8-deabdf65ac13","CommitId":"cdaf2f9a-7372-4aa2-a73b-deb4a59080f9","EventNumber":"1688119085-2-0-1","EventStreamNumber":1,"Restored":true}},"streamName":null,"eventPosition":null,"eventStreamNumber":0,"data":null}