{"n":{"t":"AppRoleUpdatedEvent","s":"app-4d184d5a-f661-48c9-b0d8-deabdf65ac13","p":"{\u0022name\u0022:\u0022Redator\u0022,\u0022permissions\u0022:[\u0022assets.*\u0022,\u0022contents.*\u0022],\u0022properties\u0022:{\u0022ui.schemas.hide\u0022:true,\u0022ui.api.hide\u0022:true},\u0022appId\u0022:\u00224d184d5a-f661-48c9-b0d8-deabdf65ac13,portal-minfin\u0022,\u0022actor\u0022:\u0022subject:649d60504c352fe463b1b285\u0022,\u0022fromRule\u0022:false}","h":{"EventId":"b9dfd7be-d7dd-4d52-985c-e3a67b57f557","Timestamp":"2023-06-20T08:16:21Z","AggregateId":"4d184d5a-f661-48c9-b0d8-deabdf65ac13","CommitId":"cffae375-cd20-4394-bffe-524eef4708ce","EventNumber":"1688119085-11-0-1","EventStreamNumber":10,"Restored":true}},"streamName":null,"eventPosition":null,"eventStreamNumber":0,"data":null}