{"n":{"t":"FieldAddedEvent","s":"schema-4d184d5a-f661-48c9-b0d8-deabdf65ac13--fd3c19af-448f-4bea-b781-deaf0c65dff2","p":"{\u0022name\u0022:\u0022LinkArquivo\u0022,\u0022partitioning\u0022:\u0022invariant\u0022,\u0022properties\u0022:{\u0022$type\u0022:\u0022StringField\u0022,\u0022allowedValues\u0022:null,\u0022defaultValues\u0022:null,\u0022defaultValue\u0022:null,\u0022pattern\u0022:null,\u0022patternMessage\u0022:null,\u0022folderId\u0022:null,\u0022minLength\u0022:null,\u0022maxLength\u0022:null,\u0022minCharacters\u0022:null,\u0022maxCharacters\u0022:null,\u0022minWords\u0022:null,\u0022maxWords\u0022:null,\u0022isUnique\u0022:false,\u0022isEmbeddable\u0022:false,\u0022inlineEditable\u0022:false,\u0022createEnum\u0022:false,\u0022contentType\u0022:\u0022Unspecified\u0022,\u0022editor\u0022:\u0022Input\u0022,\u0022schemaIds\u0022:null,\u0022isRequired\u0022:false,\u0022isRequiredOnPublish\u0022:false,\u0022isHalfWidth\u0022:false,\u0022placeholder\u0022:null,\u0022editorUrl\u0022:null,\u0022tags\u0022:null,\u0022label\u0022:null,\u0022hints\u0022:null},\u0022fieldId\u0022:\u00227,LinkArquivo\u0022,\u0022parentFieldId\u0022:null,\u0022schemaId\u0022:\u0022fd3c19af-448f-4bea-b781-deaf0c65dff2,legislacao\u0022,\u0022appId\u0022:\u00224d184d5a-f661-48c9-b0d8-deabdf65ac13,portal-minfin\u0022,\u0022actor\u0022:\u0022subject:649ea72ca73a6ab44d486e07\u0022,\u0022fromRule\u0022:false}","h":{"EventId":"a81cb4a1-c7b5-4566-b321-ebb8ae3b7cff","Timestamp":"2023-06-21T10:18:44Z","AggregateId":"4d184d5a-f661-48c9-b0d8-deabdf65ac13--fd3c19af-448f-4bea-b781-deaf0c65dff2","CommitId":"7c5ceb56-7c97-4041-8eb8-98e8348a60db","EventNumber":"1688119085-101-0-1","EventStreamNumber":18,"Restored":true}},"streamName":null,"eventPosition":null,"eventStreamNumber":0,"data":null}