{"n":{"t":"FieldDeletedEvent","s":"schema-4d184d5a-f661-48c9-b0d8-deabdf65ac13--c1916fb0-e6bd-42ed-b9e7-7d234255e6ce","p":"{\u0022fieldId\u0022:\u00226,data-da-publicacao\u0022,\u0022parentFieldId\u0022:null,\u0022schemaId\u0022:\u0022c1916fb0-e6bd-42ed-b9e7-7d234255e6ce,servicos\u0022,\u0022appId\u0022:\u00224d184d5a-f661-48c9-b0d8-deabdf65ac13,portal-minfin\u0022,\u0022actor\u0022:\u0022subject:649ea72ca73a6ab44d486e08\u0022,\u0022fromRule\u0022:false}","h":{"EventId":"bfad6d78-400e-4d6a-8dc8-0d161af9027b","Timestamp":"2023-06-21T10:46:53Z","AggregateId":"4d184d5a-f661-48c9-b0d8-deabdf65ac13--c1916fb0-e6bd-42ed-b9e7-7d234255e6ce","CommitId":"9d6ba606-937c-4f10-abb7-0acd00be8ee9","EventNumber":"1688119085-110-0-1","EventStreamNumber":32,"Restored":true}},"streamName":null,"eventPosition":null,"eventStreamNumber":0,"data":null}