{"n":{"t":"AppRoleUpdatedEvent","s":"app-4d184d5a-f661-48c9-b0d8-deabdf65ac13","p":"{\u0022name\u0022:\u0022Redator\u0022,\u0022permissions\u0022:[\u0022assets.*\u0022,\u0022contents.*\u0022],\u0022properties\u0022:{\u0022ui.schemas.hide\u0022:true,\u0022ui.api.hide\u0022:true,\u0022ui.settings.hide\u0022:true},\u0022appId\u0022:\u00224d184d5a-f661-48c9-b0d8-deabdf65ac13,portal-minfin\u0022,\u0022actor\u0022:\u0022subject:649d60504c352fe463b1b285\u0022,\u0022fromRule\u0022:false}","h":{"EventId":"38d00925-0719-4ed4-ab6b-ba4cebeaae48","Timestamp":"2023-06-20T08:16:32Z","AggregateId":"4d184d5a-f661-48c9-b0d8-deabdf65ac13","CommitId":"1a1e616a-bac7-4294-8027-4bc9a44f2684","EventNumber":"1688119085-12-0-1","EventStreamNumber":11,"Restored":true}},"streamName":null,"eventPosition":null,"eventStreamNumber":0,"data":null}