{"n":{"t":"FieldAddedEvent","s":"schema-4d184d5a-f661-48c9-b0d8-deabdf65ac13--c1916fb0-e6bd-42ed-b9e7-7d234255e6ce","p":"{\u0022name\u0022:\u0022icon\u0022,\u0022partitioning\u0022:\u0022invariant\u0022,\u0022properties\u0022:{\u0022$type\u0022:\u0022AssetsField\u0022,\u0022previewMode\u0022:\u0022FileName\u0022,\u0022defaultValues\u0022:null,\u0022defaultValue\u0022:null,\u0022folderId\u0022:null,\u0022previewFormat\u0022:null,\u0022minItems\u0022:null,\u0022maxItems\u0022:null,\u0022minWidth\u0022:null,\u0022maxWidth\u0022:null,\u0022minHeight\u0022:null,\u0022maxHeight\u0022:null,\u0022minSize\u0022:null,\u0022maxSize\u0022:null,\u0022aspectWidth\u0022:null,\u0022aspectHeight\u0022:null,\u0022expectedType\u0022:null,\u0022allowDuplicates\u0022:false,\u0022resolveFirst\u0022:false,\u0022allowedExtensions\u0022:null,\u0022isRequired\u0022:false,\u0022isRequiredOnPublish\u0022:false,\u0022isHalfWidth\u0022:false,\u0022placeholder\u0022:null,\u0022editorUrl\u0022:null,\u0022tags\u0022:null,\u0022label\u0022:null,\u0022hints\u0022:null},\u0022fieldId\u0022:\u002210,icon\u0022,\u0022parentFieldId\u0022:null,\u0022schemaId\u0022:\u0022c1916fb0-e6bd-42ed-b9e7-7d234255e6ce,servicos\u0022,\u0022appId\u0022:\u00224d184d5a-f661-48c9-b0d8-deabdf65ac13,portal-minfin\u0022,\u0022actor\u0022:\u0022subject:649ea72ca73a6ab44d486e08\u0022,\u0022fromRule\u0022:false}","h":{"EventId":"fb8b467c-f2de-46f3-9f67-a13ac05cfd5a","Timestamp":"2023-06-21T10:47:17Z","AggregateId":"4d184d5a-f661-48c9-b0d8-deabdf65ac13--c1916fb0-e6bd-42ed-b9e7-7d234255e6ce","CommitId":"e63a9c90-0a0f-4a06-8740-52ab8fe8bf02","EventNumber":"1688119085-111-0-1","EventStreamNumber":33,"Restored":true}},"streamName":null,"eventPosition":null,"eventStreamNumber":0,"data":null}