{"n":{"t":"SchemaFieldsReorderedEvent","s":"schema-4d184d5a-f661-48c9-b0d8-deabdf65ac13--c1916fb0-e6bd-42ed-b9e7-7d234255e6ce","p":"{\u0022fieldIds\u0022:[11,9,10,4],\u0022parentFieldId\u0022:null,\u0022schemaId\u0022:\u0022c1916fb0-e6bd-42ed-b9e7-7d234255e6ce,servicos\u0022,\u0022appId\u0022:\u00224d184d5a-f661-48c9-b0d8-deabdf65ac13,portal-minfin\u0022,\u0022actor\u0022:\u0022subject:649ea72ca73a6ab44d486e08\u0022,\u0022fromRule\u0022:false}","h":{"EventId":"a8fb816c-40b7-4132-894b-23b2d9d676c3","Timestamp":"2023-06-21T10:49:03Z","AggregateId":"4d184d5a-f661-48c9-b0d8-deabdf65ac13--c1916fb0-e6bd-42ed-b9e7-7d234255e6ce","CommitId":"0b3618bd-1099-48a4-8a14-ff1eff7b398f","EventNumber":"1688119085-117-0-1","EventStreamNumber":39,"Restored":true}},"streamName":null,"eventPosition":null,"eventStreamNumber":0,"data":null}