{"n":{"t":"FieldAddedEvent","s":"schema-4d184d5a-f661-48c9-b0d8-deabdf65ac13--c1916fb0-e6bd-42ed-b9e7-7d234255e6ce","p":"{\u0022name\u0022:\u0022link\u0022,\u0022partitioning\u0022:\u0022invariant\u0022,\u0022properties\u0022:{\u0022$type\u0022:\u0022StringField\u0022,\u0022allowedValues\u0022:null,\u0022defaultValues\u0022:null,\u0022defaultValue\u0022:null,\u0022pattern\u0022:null,\u0022patternMessage\u0022:null,\u0022folderId\u0022:null,\u0022minLength\u0022:null,\u0022maxLength\u0022:null,\u0022minCharacters\u0022:null,\u0022maxCharacters\u0022:null,\u0022minWords\u0022:null,\u0022maxWords\u0022:null,\u0022isUnique\u0022:false,\u0022isEmbeddable\u0022:false,\u0022inlineEditable\u0022:false,\u0022createEnum\u0022:false,\u0022contentType\u0022:\u0022Unspecified\u0022,\u0022editor\u0022:\u0022Input\u0022,\u0022schemaIds\u0022:null,\u0022isRequired\u0022:false,\u0022isRequiredOnPublish\u0022:false,\u0022isHalfWidth\u0022:false,\u0022placeholder\u0022:null,\u0022editorUrl\u0022:null,\u0022tags\u0022:null,\u0022label\u0022:null,\u0022hints\u0022:null},\u0022fieldId\u0022:\u002212,link\u0022,\u0022parentFieldId\u0022:null,\u0022schemaId\u0022:\u0022c1916fb0-e6bd-42ed-b9e7-7d234255e6ce,servicos\u0022,\u0022appId\u0022:\u00224d184d5a-f661-48c9-b0d8-deabdf65ac13,portal-minfin\u0022,\u0022actor\u0022:\u0022subject:649ea72ca73a6ab44d486e08\u0022,\u0022fromRule\u0022:false}","h":{"EventId":"84cb9782-4e8c-4303-b717-5211d1df5d5c","Timestamp":"2023-06-21T10:49:27Z","AggregateId":"4d184d5a-f661-48c9-b0d8-deabdf65ac13--c1916fb0-e6bd-42ed-b9e7-7d234255e6ce","CommitId":"8423a5d9-52c8-493a-82b5-c18d68bc8c50","EventNumber":"1688119085-119-0-1","EventStreamNumber":41,"Restored":true}},"streamName":null,"eventPosition":null,"eventStreamNumber":0,"data":null}