{"n":{"t":"AppRoleUpdatedEvent","s":"app-4d184d5a-f661-48c9-b0d8-deabdf65ac13","p":"{\u0022name\u0022:\u0022Redator\u0022,\u0022permissions\u0022:[\u0022assets.*\u0022,\u0022contents.*\u0022],\u0022properties\u0022:{\u0022ui.schemas.hide\u0022:true,\u0022ui.api.hide\u0022:true,\u0022ui.settings.hide\u0022:true,\u0022ui.assets.hide\u0022:true},\u0022appId\u0022:\u00224d184d5a-f661-48c9-b0d8-deabdf65ac13,portal-minfin\u0022,\u0022actor\u0022:\u0022subject:649d60504c352fe463b1b285\u0022,\u0022fromRule\u0022:false}","h":{"EventId":"10bfa36a-6739-4870-836b-62521adc0517","Timestamp":"2023-06-20T08:18:17Z","AggregateId":"4d184d5a-f661-48c9-b0d8-deabdf65ac13","CommitId":"ec1954ea-07e8-4a71-9b3c-0af385fbfc08","EventNumber":"1688119085-13-0-1","EventStreamNumber":12,"Restored":true}},"streamName":null,"eventPosition":null,"eventStreamNumber":0,"data":null}