{"n":{"t":"AppRoleUpdatedEvent","s":"app-4d184d5a-f661-48c9-b0d8-deabdf65ac13","p":"{\u0022name\u0022:\u0022Redator\u0022,\u0022permissions\u0022:[\u0022assets.*\u0022,\u0022contents.*\u0022],\u0022properties\u0022:{\u0022ui.schemas.hide\u0022:true,\u0022ui.api.hide\u0022:true,\u0022ui.settings.hide\u0022:true,\u0022ui.assets.hide\u0022:false},\u0022appId\u0022:\u00224d184d5a-f661-48c9-b0d8-deabdf65ac13,portal-minfin\u0022,\u0022actor\u0022:\u0022subject:649d60504c352fe463b1b285\u0022,\u0022fromRule\u0022:false}","h":{"EventId":"7f2dac1b-c09b-4367-8225-1a0a5113a6d5","Timestamp":"2023-06-20T08:19:14Z","AggregateId":"4d184d5a-f661-48c9-b0d8-deabdf65ac13","CommitId":"b3cd3f45-5f7b-4e08-83b4-7223377aaaaf","EventNumber":"1688119085-14-0-1","EventStreamNumber":13,"Restored":true}},"streamName":null,"eventPosition":null,"eventStreamNumber":0,"data":null}