{"n":{"t":"ContentStatusChangedEventV2","s":"content-4d184d5a-f661-48c9-b0d8-deabdf65ac13--139d0213-eda2-4776-ad36-5cbf626eb66c","p":"{\u0022change\u0022:\u0022Published\u0022,\u0022status\u0022:\u0022Published\u0022,\u0022newVersion\u0022:false,\u0022contentId\u0022:\u0022139d0213-eda2-4776-ad36-5cbf626eb66c\u0022,\u0022schemaId\u0022:\u0022c1916fb0-e6bd-42ed-b9e7-7d234255e6ce,servicos\u0022,\u0022appId\u0022:\u00224d184d5a-f661-48c9-b0d8-deabdf65ac13,portal-minfin\u0022,\u0022actor\u0022:\u0022subject:649d60504c352fe463b1b285\u0022,\u0022fromRule\u0022:false}","h":{"EventId":"5f00af6a-43af-46b3-bf29-5a134b27fada","Timestamp":"2023-06-21T13:41:49Z","AggregateId":"4d184d5a-f661-48c9-b0d8-deabdf65ac13--139d0213-eda2-4776-ad36-5cbf626eb66c","CommitId":"5874e046-0c1b-4274-a88f-ee96375a77fe","EventNumber":"1688119085-131-0-1","EventStreamNumber":1,"Restored":true}},"streamName":null,"eventPosition":null,"eventStreamNumber":0,"data":null}