{"n":{"t":"ContentStatusChangedEventV2","s":"content-4d184d5a-f661-48c9-b0d8-deabdf65ac13--91cd8dca-5259-4ea5-abae-77ecbe1870a3","p":"{\u0022change\u0022:\u0022Published\u0022,\u0022status\u0022:\u0022Published\u0022,\u0022newVersion\u0022:false,\u0022contentId\u0022:\u002291cd8dca-5259-4ea5-abae-77ecbe1870a3\u0022,\u0022schemaId\u0022:\u0022c1916fb0-e6bd-42ed-b9e7-7d234255e6ce,servicos\u0022,\u0022appId\u0022:\u00224d184d5a-f661-48c9-b0d8-deabdf65ac13,portal-minfin\u0022,\u0022actor\u0022:\u0022subject:649d60504c352fe463b1b285\u0022,\u0022fromRule\u0022:false}","h":{"EventId":"dee39ca8-c2f6-4a36-9b9e-727298437b5c","Timestamp":"2023-06-21T13:42:54Z","AggregateId":"4d184d5a-f661-48c9-b0d8-deabdf65ac13--91cd8dca-5259-4ea5-abae-77ecbe1870a3","CommitId":"adda306f-3176-4d55-9a36-75912ad1ce4f","EventNumber":"1688119085-134-0-1","EventStreamNumber":1,"Restored":true}},"streamName":null,"eventPosition":null,"eventStreamNumber":0,"data":null}