{"n":{"t":"AppImageUploadedEvent","s":"app-4d184d5a-f661-48c9-b0d8-deabdf65ac13","p":"{\u0022image\u0022:{\u0022mimeType\u0022:\u0022image/jpeg\u0022,\u0022etag\u0022:\u0022ce8ec36e3585462ebfeb8ae25062f060\u0022},\u0022appId\u0022:\u00224d184d5a-f661-48c9-b0d8-deabdf65ac13,portal-minfin\u0022,\u0022actor\u0022:\u0022subject:649d60504c352fe463b1b285\u0022,\u0022fromRule\u0022:false}","h":{"EventId":"92cc7d2f-c43e-4ff9-a72b-a4f0d04f4537","Timestamp":"2023-06-20T08:28:09Z","AggregateId":"4d184d5a-f661-48c9-b0d8-deabdf65ac13","CommitId":"40973c06-f3ad-4a17-93e2-f9867cb89ceb","EventNumber":"1688119085-15-0-1","EventStreamNumber":14,"Restored":true}},"streamName":null,"eventPosition":null,"eventStreamNumber":0,"data":null}