{"n":{"t":"ContentStatusChangedEventV2","s":"content-4d184d5a-f661-48c9-b0d8-deabdf65ac13--c10d23bb-c87c-4431-ac8e-f5893bcddd38","p":"{\u0022change\u0022:\u0022Published\u0022,\u0022status\u0022:\u0022Published\u0022,\u0022newVersion\u0022:false,\u0022contentId\u0022:\u0022c10d23bb-c87c-4431-ac8e-f5893bcddd38\u0022,\u0022schemaId\u0022:\u0022c1916fb0-e6bd-42ed-b9e7-7d234255e6ce,servicos\u0022,\u0022appId\u0022:\u00224d184d5a-f661-48c9-b0d8-deabdf65ac13,portal-minfin\u0022,\u0022actor\u0022:\u0022subject:649d60504c352fe463b1b285\u0022,\u0022fromRule\u0022:false}","h":{"EventId":"17178ccc-6688-4d8f-972c-ae457bab58ba","Timestamp":"2023-06-21T13:51:36Z","AggregateId":"4d184d5a-f661-48c9-b0d8-deabdf65ac13--c10d23bb-c87c-4431-ac8e-f5893bcddd38","CommitId":"6908b4da-9f5c-48ef-842a-575f285fc6a0","EventNumber":"1688119085-142-0-1","EventStreamNumber":3,"Restored":true}},"streamName":null,"eventPosition":null,"eventStreamNumber":0,"data":null}