{"n":{"t":"FieldAddedEvent","s":"schema-4d184d5a-f661-48c9-b0d8-deabdf65ac13--53340555-7978-4d83-956b-02118dd32e62","p":"{\u0022name\u0022:\u0022imagem\u0022,\u0022partitioning\u0022:\u0022invariant\u0022,\u0022properties\u0022:{\u0022$type\u0022:\u0022AssetsField\u0022,\u0022previewMode\u0022:\u0022FileName\u0022,\u0022defaultValues\u0022:null,\u0022defaultValue\u0022:null,\u0022folderId\u0022:null,\u0022previewFormat\u0022:null,\u0022minItems\u0022:null,\u0022maxItems\u0022:null,\u0022minWidth\u0022:null,\u0022maxWidth\u0022:null,\u0022minHeight\u0022:null,\u0022maxHeight\u0022:null,\u0022minSize\u0022:null,\u0022maxSize\u0022:null,\u0022aspectWidth\u0022:null,\u0022aspectHeight\u0022:null,\u0022expectedType\u0022:null,\u0022allowDuplicates\u0022:false,\u0022resolveFirst\u0022:false,\u0022allowedExtensions\u0022:null,\u0022isRequired\u0022:false,\u0022isRequiredOnPublish\u0022:false,\u0022isHalfWidth\u0022:false,\u0022placeholder\u0022:null,\u0022editorUrl\u0022:null,\u0022tags\u0022:null,\u0022label\u0022:null,\u0022hints\u0022:null},\u0022fieldId\u0022:\u00222,imagem\u0022,\u0022parentFieldId\u0022:null,\u0022schemaId\u0022:\u002253340555-7978-4d83-956b-02118dd32e62,links-uteis\u0022,\u0022appId\u0022:\u00224d184d5a-f661-48c9-b0d8-deabdf65ac13,portal-minfin\u0022,\u0022actor\u0022:\u0022subject:649d60504c352fe463b1b285\u0022,\u0022fromRule\u0022:false}","h":{"EventId":"3ce3c20a-26d6-4984-8066-478797f53527","Timestamp":"2023-06-21T14:42:36Z","AggregateId":"4d184d5a-f661-48c9-b0d8-deabdf65ac13--53340555-7978-4d83-956b-02118dd32e62","CommitId":"977605ed-a75e-4629-af70-faa5d6d764fb","EventNumber":"1688119085-146-0-1","EventStreamNumber":3,"Restored":true}},"streamName":null,"eventPosition":null,"eventStreamNumber":0,"data":null}