{"n":{"t":"FieldAddedEvent","s":"schema-4d184d5a-f661-48c9-b0d8-deabdf65ac13--53340555-7978-4d83-956b-02118dd32e62","p":"{\u0022name\u0022:\u0022link\u0022,\u0022partitioning\u0022:\u0022invariant\u0022,\u0022properties\u0022:{\u0022$type\u0022:\u0022StringField\u0022,\u0022allowedValues\u0022:null,\u0022defaultValues\u0022:null,\u0022defaultValue\u0022:null,\u0022pattern\u0022:null,\u0022patternMessage\u0022:null,\u0022folderId\u0022:null,\u0022minLength\u0022:null,\u0022maxLength\u0022:null,\u0022minCharacters\u0022:null,\u0022maxCharacters\u0022:null,\u0022minWords\u0022:null,\u0022maxWords\u0022:null,\u0022isUnique\u0022:false,\u0022isEmbeddable\u0022:false,\u0022inlineEditable\u0022:false,\u0022createEnum\u0022:false,\u0022contentType\u0022:\u0022Unspecified\u0022,\u0022editor\u0022:\u0022Input\u0022,\u0022schemaIds\u0022:null,\u0022isRequired\u0022:false,\u0022isRequiredOnPublish\u0022:false,\u0022isHalfWidth\u0022:false,\u0022placeholder\u0022:null,\u0022editorUrl\u0022:null,\u0022tags\u0022:null,\u0022label\u0022:null,\u0022hints\u0022:null},\u0022fieldId\u0022:\u00223,link\u0022,\u0022parentFieldId\u0022:null,\u0022schemaId\u0022:\u002253340555-7978-4d83-956b-02118dd32e62,links-uteis\u0022,\u0022appId\u0022:\u00224d184d5a-f661-48c9-b0d8-deabdf65ac13,portal-minfin\u0022,\u0022actor\u0022:\u0022subject:649d60504c352fe463b1b285\u0022,\u0022fromRule\u0022:false}","h":{"EventId":"e83df48d-68d3-4aa9-8219-6878598167dd","Timestamp":"2023-06-21T14:42:48Z","AggregateId":"4d184d5a-f661-48c9-b0d8-deabdf65ac13--53340555-7978-4d83-956b-02118dd32e62","CommitId":"deb0f156-02f3-4159-99a9-3518e92dcbda","EventNumber":"1688119085-147-0-1","EventStreamNumber":4,"Restored":true}},"streamName":null,"eventPosition":null,"eventStreamNumber":0,"data":null}