{"n":{"t":"FieldUpdatedEvent","s":"schema-4d184d5a-f661-48c9-b0d8-deabdf65ac13--53340555-7978-4d83-956b-02118dd32e62","p":"{\u0022properties\u0022:{\u0022$type\u0022:\u0022StringField\u0022,\u0022allowedValues\u0022:null,\u0022defaultValues\u0022:null,\u0022defaultValue\u0022:null,\u0022pattern\u0022:\u0022^(?:http(s)?:\\\\/\\\\/)?[\\\\w.-]\\u002B(?:\\\\.[\\\\w\\\\.-]\\u002B)\\u002B[\\\\w\\\\-\\\\._~:\\\\/?#%[\\\\]@!\\\\$\\u0026\\u0027\\\\(\\\\)\\\\*\\\\\\u002B,;=.]\\u002B$\u0022,\u0022patternMessage\u0022:null,\u0022folderId\u0022:null,\u0022minLength\u0022:null,\u0022maxLength\u0022:null,\u0022minCharacters\u0022:null,\u0022maxCharacters\u0022:null,\u0022minWords\u0022:null,\u0022maxWords\u0022:null,\u0022isUnique\u0022:false,\u0022isEmbeddable\u0022:false,\u0022inlineEditable\u0022:false,\u0022createEnum\u0022:false,\u0022contentType\u0022:\u0022Unspecified\u0022,\u0022editor\u0022:\u0022Input\u0022,\u0022schemaIds\u0022:null,\u0022isRequired\u0022:true,\u0022isRequiredOnPublish\u0022:false,\u0022isHalfWidth\u0022:false,\u0022placeholder\u0022:null,\u0022editorUrl\u0022:null,\u0022tags\u0022:null,\u0022label\u0022:\u0022URL\u0022,\u0022hints\u0022:\u0022url\u0022},\u0022fieldId\u0022:\u00223,link\u0022,\u0022parentFieldId\u0022:null,\u0022schemaId\u0022:\u002253340555-7978-4d83-956b-02118dd32e62,links-uteis\u0022,\u0022appId\u0022:\u00224d184d5a-f661-48c9-b0d8-deabdf65ac13,portal-minfin\u0022,\u0022actor\u0022:\u0022subject:649d60504c352fe463b1b285\u0022,\u0022fromRule\u0022:false}","h":{"EventId":"acb7739a-479e-416b-ae71-c61686a31a27","Timestamp":"2023-06-21T14:43:23Z","AggregateId":"4d184d5a-f661-48c9-b0d8-deabdf65ac13--53340555-7978-4d83-956b-02118dd32e62","CommitId":"2164287b-deb1-4c36-a66c-980f6294a18a","EventNumber":"1688119085-148-0-1","EventStreamNumber":5,"Restored":true}},"streamName":null,"eventPosition":null,"eventStreamNumber":0,"data":null}