{"n":{"t":"AppImageRemovedEvent","s":"app-4d184d5a-f661-48c9-b0d8-deabdf65ac13","p":"{\u0022appId\u0022:\u00224d184d5a-f661-48c9-b0d8-deabdf65ac13,portal-minfin\u0022,\u0022actor\u0022:\u0022subject:649d60504c352fe463b1b285\u0022,\u0022fromRule\u0022:false}","h":{"EventId":"fee4c066-7a57-44d4-8bff-d10b9640a805","Timestamp":"2023-06-20T08:28:15Z","AggregateId":"4d184d5a-f661-48c9-b0d8-deabdf65ac13","CommitId":"110004fe-a606-4fc6-865e-642bf953f040","EventNumber":"1688119085-16-0-1","EventStreamNumber":15,"Restored":true}},"streamName":null,"eventPosition":null,"eventStreamNumber":0,"data":null}