{"n":{"t":"AppImageUploadedEvent","s":"app-4d184d5a-f661-48c9-b0d8-deabdf65ac13","p":"{\u0022image\u0022:{\u0022mimeType\u0022:\u0022image/jpeg\u0022,\u0022etag\u0022:\u00221ed1c16432e043e78b7429f442a92492\u0022},\u0022appId\u0022:\u00224d184d5a-f661-48c9-b0d8-deabdf65ac13,portal-minfin\u0022,\u0022actor\u0022:\u0022subject:649d60504c352fe463b1b285\u0022,\u0022fromRule\u0022:false}","h":{"EventId":"acf75ff5-a463-4d3a-bbfe-275628f54dd1","Timestamp":"2023-06-20T08:34:55Z","AggregateId":"4d184d5a-f661-48c9-b0d8-deabdf65ac13","CommitId":"12624b6c-db1d-4890-9c4a-6493d9d5a817","EventNumber":"1688119085-17-0-1","EventStreamNumber":16,"Restored":true}},"streamName":null,"eventPosition":null,"eventStreamNumber":0,"data":null}