{"n":{"t":"FieldUpdatedEvent","s":"schema-4d184d5a-f661-48c9-b0d8-deabdf65ac13--cf2b17dc-f572-4ae0-a9b3-716315e345c8","p":"{\u0022properties\u0022:{\u0022$type\u0022:\u0022StringField\u0022,\u0022allowedValues\u0022:null,\u0022defaultValues\u0022:null,\u0022defaultValue\u0022:null,\u0022pattern\u0022:null,\u0022patternMessage\u0022:null,\u0022folderId\u0022:null,\u0022minLength\u0022:null,\u0022maxLength\u0022:null,\u0022minCharacters\u0022:null,\u0022maxCharacters\u0022:null,\u0022minWords\u0022:null,\u0022maxWords\u0022:null,\u0022isUnique\u0022:false,\u0022isEmbeddable\u0022:false,\u0022inlineEditable\u0022:false,\u0022createEnum\u0022:false,\u0022contentType\u0022:\u0022Unspecified\u0022,\u0022editor\u0022:\u0022TextArea\u0022,\u0022schemaIds\u0022:null,\u0022isRequired\u0022:true,\u0022isRequiredOnPublish\u0022:true,\u0022isHalfWidth\u0022:false,\u0022placeholder\u0022:null,\u0022editorUrl\u0022:null,\u0022tags\u0022:null,\u0022label\u0022:\u0022Descri\\u00E7\\u00E3o\u0022,\u0022hints\u0022:\u0022descri\\u00E7\\u00E3o\u0022},\u0022fieldId\u0022:\u00221,descricao\u0022,\u0022parentFieldId\u0022:null,\u0022schemaId\u0022:\u0022cf2b17dc-f572-4ae0-a9b3-716315e345c8,valores\u0022,\u0022appId\u0022:\u00224d184d5a-f661-48c9-b0d8-deabdf65ac13,portal-minfin\u0022,\u0022actor\u0022:\u0022subject:649ea72ca73a6ab44d486e08\u0022,\u0022fromRule\u0022:false}","h":{"EventId":"a5a27ef7-b08e-4413-a7da-ab5c3a7d7a22","Timestamp":"2023-06-22T06:51:02Z","AggregateId":"4d184d5a-f661-48c9-b0d8-deabdf65ac13--cf2b17dc-f572-4ae0-a9b3-716315e345c8","CommitId":"36e6bec9-05ce-41fe-b047-85c60804d8ef","EventNumber":"1688119085-170-0-1","EventStreamNumber":2,"Restored":true}},"streamName":null,"eventPosition":null,"eventStreamNumber":0,"data":null}