{"n":{"t":"SchemaCreatedEventV2","s":"schema-4d184d5a-f661-48c9-b0d8-deabdf65ac13--49c92843-7c87-4e06-945b-e699e958aca4","p":"{\u0022schema\u0022:{\u0022name\u0022:\u0022news\u0022,\u0022category\u0022:null,\u0022isPublished\u0022:false,\u0022type\u0022:\u0022Default\u0022,\u0022properties\u0022:{\u0022tags\u0022:null,\u0022contentsSidebarUrl\u0022:null,\u0022contentSidebarUrl\u0022:null,\u0022contentEditorUrl\u0022:null,\u0022validateOnPublish\u0022:false,\u0022label\u0022:null,\u0022hints\u0022:null},\u0022scripts\u0022:{\u0022change\u0022:null,\u0022create\u0022:null,\u0022update\u0022:null,\u0022delete\u0022:null,\u0022query\u0022:null,\u0022queryPre\u0022:null},\u0022fieldsInLists\u0022:[],\u0022fieldsInReferences\u0022:[],\u0022fieldRules\u0022:[],\u0022fields\u0022:[],\u0022previewUrls\u0022:{}},\u0022schemaId\u0022:\u002249c92843-7c87-4e06-945b-e699e958aca4,news\u0022,\u0022appId\u0022:\u00224d184d5a-f661-48c9-b0d8-deabdf65ac13,portal-minfin\u0022,\u0022actor\u0022:\u0022subject:649d60504c352fe463b1b285\u0022,\u0022fromRule\u0022:false}","h":{"EventId":"09c856f8-e31a-4e09-93b2-62b19c0d0bc7","Timestamp":"2023-06-21T08:39:30Z","AggregateId":"4d184d5a-f661-48c9-b0d8-deabdf65ac13--49c92843-7c87-4e06-945b-e699e958aca4","CommitId":"38a9d980-3b5f-4360-b179-cfeeb09af47c","EventNumber":"1688119085-18-0-1","EventStreamNumber":0,"Restored":true}},"streamName":null,"eventPosition":null,"eventStreamNumber":0,"data":null}