{"n":{"t":"SchemaPublishedEvent","s":"schema-4d184d5a-f661-48c9-b0d8-deabdf65ac13--cf2b17dc-f572-4ae0-a9b3-716315e345c8","p":"{\u0022schemaId\u0022:\u0022cf2b17dc-f572-4ae0-a9b3-716315e345c8,valores\u0022,\u0022appId\u0022:\u00224d184d5a-f661-48c9-b0d8-deabdf65ac13,portal-minfin\u0022,\u0022actor\u0022:\u0022subject:649ea72ca73a6ab44d486e08\u0022,\u0022fromRule\u0022:false}","h":{"EventId":"d336dea9-25a8-4674-857b-c877ca2720fe","Timestamp":"2023-06-22T06:51:05Z","AggregateId":"4d184d5a-f661-48c9-b0d8-deabdf65ac13--cf2b17dc-f572-4ae0-a9b3-716315e345c8","CommitId":"f9105278-ede7-426a-b68b-7d99e3788cce","EventNumber":"1688119085-171-0-1","EventStreamNumber":3,"Restored":true}},"streamName":null,"eventPosition":null,"eventStreamNumber":0,"data":null}