{"n":{"t":"SchemaPublishedEvent","s":"schema-4d184d5a-f661-48c9-b0d8-deabdf65ac13--d0fef219-6f52-49fd-b111-a16444195e14","p":"{\u0022schemaId\u0022:\u0022d0fef219-6f52-49fd-b111-a16444195e14,banner\u0022,\u0022appId\u0022:\u00224d184d5a-f661-48c9-b0d8-deabdf65ac13,portal-minfin\u0022,\u0022actor\u0022:\u0022subject:649ea72ca73a6ab44d486e08\u0022,\u0022fromRule\u0022:false}","h":{"EventId":"f7b2eff7-1de0-43d9-9d9f-92e9b9af694e","Timestamp":"2023-06-22T06:51:49Z","AggregateId":"4d184d5a-f661-48c9-b0d8-deabdf65ac13--d0fef219-6f52-49fd-b111-a16444195e14","CommitId":"c461e649-74da-4629-90de-a4d5ad69319e","EventNumber":"1688119085-173-0-1","EventStreamNumber":1,"Restored":true}},"streamName":null,"eventPosition":null,"eventStreamNumber":0,"data":null}