{"n":{"t":"FieldDeletedEvent","s":"schema-4d184d5a-f661-48c9-b0d8-deabdf65ac13--d0fef219-6f52-49fd-b111-a16444195e14","p":"{\u0022fieldId\u0022:\u00221,Nome\u0022,\u0022parentFieldId\u0022:null,\u0022schemaId\u0022:\u0022d0fef219-6f52-49fd-b111-a16444195e14,banner\u0022,\u0022appId\u0022:\u00224d184d5a-f661-48c9-b0d8-deabdf65ac13,portal-minfin\u0022,\u0022actor\u0022:\u0022subject:649ea72ca73a6ab44d486e08\u0022,\u0022fromRule\u0022:false}","h":{"EventId":"6fb8a3f5-750f-41bf-8bf1-aa829b54c469","Timestamp":"2023-06-22T06:52:23Z","AggregateId":"4d184d5a-f661-48c9-b0d8-deabdf65ac13--d0fef219-6f52-49fd-b111-a16444195e14","CommitId":"0273a519-70e9-4401-83ac-c298dfcbbfb4","EventNumber":"1688119085-175-0-1","EventStreamNumber":3,"Restored":true}},"streamName":null,"eventPosition":null,"eventStreamNumber":0,"data":null}