{"n":{"t":"SchemaCreatedEventV2","s":"schema-4d184d5a-f661-48c9-b0d8-deabdf65ac13--7d101b48-06a6-4017-8cd8-b9d1bbf71520","p":"{\u0022schema\u0022:{\u0022name\u0022:\u0022visao\u0022,\u0022category\u0022:null,\u0022isPublished\u0022:false,\u0022type\u0022:\u0022Default\u0022,\u0022properties\u0022:{\u0022tags\u0022:null,\u0022contentsSidebarUrl\u0022:null,\u0022contentSidebarUrl\u0022:null,\u0022contentEditorUrl\u0022:null,\u0022validateOnPublish\u0022:false,\u0022label\u0022:null,\u0022hints\u0022:null},\u0022scripts\u0022:{\u0022change\u0022:null,\u0022create\u0022:null,\u0022update\u0022:null,\u0022delete\u0022:null,\u0022query\u0022:null,\u0022queryPre\u0022:null},\u0022fieldsInLists\u0022:[],\u0022fieldsInReferences\u0022:[],\u0022fieldRules\u0022:[],\u0022fields\u0022:[],\u0022previewUrls\u0022:{}},\u0022schemaId\u0022:\u00227d101b48-06a6-4017-8cd8-b9d1bbf71520,visao\u0022,\u0022appId\u0022:\u00224d184d5a-f661-48c9-b0d8-deabdf65ac13,portal-minfin\u0022,\u0022actor\u0022:\u0022subject:649ea72ca73a6ab44d486e07\u0022,\u0022fromRule\u0022:false}","h":{"EventId":"0145d04c-b180-4308-82d8-0aeceac3dddd","Timestamp":"2023-06-22T07:30:29Z","AggregateId":"4d184d5a-f661-48c9-b0d8-deabdf65ac13--7d101b48-06a6-4017-8cd8-b9d1bbf71520","CommitId":"912cc5d6-2c61-4901-9da1-9839cad7cf89","EventNumber":"1688119085-181-0-1","EventStreamNumber":0,"Restored":true}},"streamName":null,"eventPosition":null,"eventStreamNumber":0,"data":null}