{"n":{"t":"FieldAddedEvent","s":"schema-4d184d5a-f661-48c9-b0d8-deabdf65ac13--12d73c62-dbc4-4c8a-910b-fed2891b0392","p":"{\u0022name\u0022:\u0022imagem\u0022,\u0022partitioning\u0022:\u0022invariant\u0022,\u0022properties\u0022:{\u0022$type\u0022:\u0022AssetsField\u0022,\u0022previewMode\u0022:\u0022FileName\u0022,\u0022defaultValues\u0022:null,\u0022defaultValue\u0022:null,\u0022folderId\u0022:null,\u0022previewFormat\u0022:null,\u0022minItems\u0022:null,\u0022maxItems\u0022:null,\u0022minWidth\u0022:null,\u0022maxWidth\u0022:null,\u0022minHeight\u0022:null,\u0022maxHeight\u0022:null,\u0022minSize\u0022:null,\u0022maxSize\u0022:null,\u0022aspectWidth\u0022:null,\u0022aspectHeight\u0022:null,\u0022expectedType\u0022:null,\u0022allowDuplicates\u0022:false,\u0022resolveFirst\u0022:false,\u0022allowedExtensions\u0022:null,\u0022isRequired\u0022:false,\u0022isRequiredOnPublish\u0022:false,\u0022isHalfWidth\u0022:false,\u0022placeholder\u0022:null,\u0022editorUrl\u0022:null,\u0022tags\u0022:null,\u0022label\u0022:null,\u0022hints\u0022:null},\u0022fieldId\u0022:\u00222,imagem\u0022,\u0022parentFieldId\u0022:null,\u0022schemaId\u0022:\u002212d73c62-dbc4-4c8a-910b-fed2891b0392,missao\u0022,\u0022appId\u0022:\u00224d184d5a-f661-48c9-b0d8-deabdf65ac13,portal-minfin\u0022,\u0022actor\u0022:\u0022subject:649ea72ca73a6ab44d486e07\u0022,\u0022fromRule\u0022:false}","h":{"EventId":"626447f5-d99e-4081-8fed-df1c25f5a807","Timestamp":"2023-06-22T07:39:01Z","AggregateId":"4d184d5a-f661-48c9-b0d8-deabdf65ac13--12d73c62-dbc4-4c8a-910b-fed2891b0392","CommitId":"f5490984-0a4c-4dc6-b1ce-dd4d4d73ce9c","EventNumber":"1688119085-188-0-1","EventStreamNumber":4,"Restored":true}},"streamName":null,"eventPosition":null,"eventStreamNumber":0,"data":null}