{"n":{"t":"AppClientAttachedEvent","s":"app-4d184d5a-f661-48c9-b0d8-deabdf65ac13","p":"{\u0022id\u0022:\u0022default\u0022,\u0022secret\u0022:\u0022qkik7zig0zzyjfel6jisnkyyludsletk3xvedtqyklmx\u0022,\u0022role\u0022:\u0022Owner\u0022,\u0022appId\u0022:\u00224d184d5a-f661-48c9-b0d8-deabdf65ac13,portal-minfin\u0022,\u0022actor\u0022:\u0022subject:649d60504c352fe463b1b285\u0022,\u0022fromRule\u0022:false}","h":{"EventId":"910615de-abc0-409b-b595-4a16b445bbaf","Timestamp":"2023-06-19T14:39:32Z","AggregateId":"4d184d5a-f661-48c9-b0d8-deabdf65ac13","CommitId":"81bb8a0e-ceef-4095-9791-c720ff980811","EventNumber":"1688119085-3-0-1","EventStreamNumber":2,"Restored":true}},"streamName":null,"eventPosition":null,"eventStreamNumber":0,"data":null}