{"n":{"t":"SchemaFieldsReorderedEvent","s":"schema-4d184d5a-f661-48c9-b0d8-deabdf65ac13--d0fef219-6f52-49fd-b111-a16444195e14","p":"{\u0022fieldIds\u0022:[4,3],\u0022parentFieldId\u0022:null,\u0022schemaId\u0022:\u0022d0fef219-6f52-49fd-b111-a16444195e14,banner\u0022,\u0022appId\u0022:\u00224d184d5a-f661-48c9-b0d8-deabdf65ac13,portal-minfin\u0022,\u0022actor\u0022:\u0022subject:649ea72ca73a6ab44d486e08\u0022,\u0022fromRule\u0022:false}","h":{"EventId":"b83d2299-8dcd-4feb-a8c6-5fd08ea8fed9","Timestamp":"2023-06-22T08:38:18Z","AggregateId":"4d184d5a-f661-48c9-b0d8-deabdf65ac13--d0fef219-6f52-49fd-b111-a16444195e14","CommitId":"6e328304-9cc7-4db7-9a2b-12d7f62cb55e","EventNumber":"1688119085-209-0-1","EventStreamNumber":11,"Restored":true}},"streamName":null,"eventPosition":null,"eventStreamNumber":0,"data":null}