{"n":{"t":"SchemaFieldsReorderedEvent","s":"schema-4d184d5a-f661-48c9-b0d8-deabdf65ac13--d0fef219-6f52-49fd-b111-a16444195e14","p":"{\u0022fieldIds\u0022:[4,5,3],\u0022parentFieldId\u0022:null,\u0022schemaId\u0022:\u0022d0fef219-6f52-49fd-b111-a16444195e14,banner\u0022,\u0022appId\u0022:\u00224d184d5a-f661-48c9-b0d8-deabdf65ac13,portal-minfin\u0022,\u0022actor\u0022:\u0022subject:649ea72ca73a6ab44d486e08\u0022,\u0022fromRule\u0022:false}","h":{"EventId":"bcd5f8df-9025-4df9-b0c4-1a9badf7f958","Timestamp":"2023-06-22T08:45:39Z","AggregateId":"4d184d5a-f661-48c9-b0d8-deabdf65ac13--d0fef219-6f52-49fd-b111-a16444195e14","CommitId":"1766e321-ec2d-42bb-ba92-2d1c1591f22f","EventNumber":"1688119085-212-0-1","EventStreamNumber":14,"Restored":true}},"streamName":null,"eventPosition":null,"eventStreamNumber":0,"data":null}