{"n":{"t":"SchemaFieldsReorderedEvent","s":"schema-4d184d5a-f661-48c9-b0d8-deabdf65ac13--d0fef219-6f52-49fd-b111-a16444195e14","p":"{\u0022fieldIds\u0022:[4,5,6,3],\u0022parentFieldId\u0022:null,\u0022schemaId\u0022:\u0022d0fef219-6f52-49fd-b111-a16444195e14,banner\u0022,\u0022appId\u0022:\u00224d184d5a-f661-48c9-b0d8-deabdf65ac13,portal-minfin\u0022,\u0022actor\u0022:\u0022subject:649ea72ca73a6ab44d486e08\u0022,\u0022fromRule\u0022:false}","h":{"EventId":"80c5524b-2e2b-4c06-a029-704264adc35c","Timestamp":"2023-06-22T08:46:10Z","AggregateId":"4d184d5a-f661-48c9-b0d8-deabdf65ac13--d0fef219-6f52-49fd-b111-a16444195e14","CommitId":"c7f828d2-1734-46c6-a8e3-c92e5123b31e","EventNumber":"1688119085-215-0-1","EventStreamNumber":17,"Restored":true}},"streamName":null,"eventPosition":null,"eventStreamNumber":0,"data":null}