{"n":{"t":"ContentCreatedEventV2","s":"content-4d184d5a-f661-48c9-b0d8-deabdf65ac13--8526f634-cb29-4461-8014-f8ccede54f43","p":"{\u0022status\u0022:\u0022Draft\u0022,\u0022data\u0022:{\u0022titulo\u0022:{\u0022iv\u0022:\u0022Ministra das Finan\\u00E7as exorta acionistas das institui\\u00E7\\u00F5es financeiras.\u0022},\u0022data-da-publicacao\u0022:{\u0022iv\u0022:\u00222023-03-22T00:00:00Z\u0022},\u0022descricao\u0022:{\u0022iv\u0022:\u0022A Ministra das Finan\\u00E7as, Vera Daves de Sousa, exortou, nesta quarta-feira, 22, os accionistas das institui\\u00E7\\u00F5es financeiras, de uma maneira geral, a n\\u00E3o terem qualquer receio de apostar em mulheres para os \\u00F3rg\\u00E3os de gest\\u00E3o.\u0022},\u0022imagem\u0022:{\u0022iv\u0022:[\u00229af72c26-9d43-4e11-a6c8-f234b1eaeb56\u0022]}},\u0022contentId\u0022:\u00228526f634-cb29-4461-8014-f8ccede54f43\u0022,\u0022schemaId\u0022:\u0022d0fef219-6f52-49fd-b111-a16444195e14,banner\u0022,\u0022appId\u0022:\u00224d184d5a-f661-48c9-b0d8-deabdf65ac13,portal-minfin\u0022,\u0022actor\u0022:\u0022subject:649ea72ca73a6ab44d486e08\u0022,\u0022fromRule\u0022:false}","h":{"EventId":"a843b163-ffe3-4bb5-aeb8-0d65260602c6","Timestamp":"2023-06-22T09:01:21Z","AggregateId":"4d184d5a-f661-48c9-b0d8-deabdf65ac13--8526f634-cb29-4461-8014-f8ccede54f43","CommitId":"97a57237-dab7-4a63-9f4e-5b93705d8d3c","EventNumber":"1688119085-217-0-1","EventStreamNumber":0,"Restored":true}},"streamName":null,"eventPosition":null,"eventStreamNumber":0,"data":null}