{"n":{"t":"FieldDeletedEvent","s":"schema-4d184d5a-f661-48c9-b0d8-deabdf65ac13--d0fef219-6f52-49fd-b111-a16444195e14","p":"{\u0022fieldId\u0022:\u00225,data-da-publicacao\u0022,\u0022parentFieldId\u0022:null,\u0022schemaId\u0022:\u0022d0fef219-6f52-49fd-b111-a16444195e14,banner\u0022,\u0022appId\u0022:\u00224d184d5a-f661-48c9-b0d8-deabdf65ac13,portal-minfin\u0022,\u0022actor\u0022:\u0022subject:649ea72ca73a6ab44d486e08\u0022,\u0022fromRule\u0022:false}","h":{"EventId":"d6ebb1d0-01b8-49c7-9964-cc90df7e00a6","Timestamp":"2023-06-22T09:04:01Z","AggregateId":"4d184d5a-f661-48c9-b0d8-deabdf65ac13--d0fef219-6f52-49fd-b111-a16444195e14","CommitId":"1271311a-93a4-4f11-b314-2378a932c09f","EventNumber":"1688119085-219-0-1","EventStreamNumber":18,"Restored":true}},"streamName":null,"eventPosition":null,"eventStreamNumber":0,"data":null}