{"n":{"t":"FieldUpdatedEvent","s":"schema-4d184d5a-f661-48c9-b0d8-deabdf65ac13--d0fef219-6f52-49fd-b111-a16444195e14","p":"{\u0022properties\u0022:{\u0022$type\u0022:\u0022DateTimeField\u0022,\u0022defaultValues\u0022:null,\u0022defaultValue\u0022:null,\u0022maxValue\u0022:null,\u0022minValue\u0022:null,\u0022format\u0022:\u0022DD/mm/yyyy\u0022,\u0022calculatedDefaultValue\u0022:null,\u0022editor\u0022:\u0022DateTime\u0022,\u0022isRequired\u0022:true,\u0022isRequiredOnPublish\u0022:true,\u0022isHalfWidth\u0022:false,\u0022placeholder\u0022:null,\u0022editorUrl\u0022:null,\u0022tags\u0022:null,\u0022label\u0022:\u0022Data da Publica\\u00E7\\u00E3o\u0022,\u0022hints\u0022:\u0022data da publica\\u00E7\\u00E3o\u0022},\u0022fieldId\u0022:\u00227,dataDaPublicacao\u0022,\u0022parentFieldId\u0022:null,\u0022schemaId\u0022:\u0022d0fef219-6f52-49fd-b111-a16444195e14,banner\u0022,\u0022appId\u0022:\u00224d184d5a-f661-48c9-b0d8-deabdf65ac13,portal-minfin\u0022,\u0022actor\u0022:\u0022subject:649ea72ca73a6ab44d486e08\u0022,\u0022fromRule\u0022:false}","h":{"EventId":"e5c97d04-6c21-4f13-9d94-8d3297b350d5","Timestamp":"2023-06-22T09:10:20Z","AggregateId":"4d184d5a-f661-48c9-b0d8-deabdf65ac13--d0fef219-6f52-49fd-b111-a16444195e14","CommitId":"4aa3a5d1-d041-407f-9d37-f2525bf220e3","EventNumber":"1688119085-226-0-1","EventStreamNumber":24,"Restored":true}},"streamName":null,"eventPosition":null,"eventStreamNumber":0,"data":null}