{"n":{"t":"ContentCreatedEventV2","s":"content-4d184d5a-f661-48c9-b0d8-deabdf65ac13--ed6d376b-4ba8-40ad-84e8-894255be1a68","p":"{\u0022status\u0022:\u0022Draft\u0022,\u0022data\u0022:{\u0022titulo\u0022:{\u0022iv\u0022:\u0022\\u201CA Mulher \\u00E9 a base de uma sociedade\\u201D\u0022},\u0022dataDaPublicacao\u0022:{\u0022iv\u0022:\u00222023-03-22T00:00:00Z\u0022},\u0022descricao\u0022:{\u0022iv\u0022:\u0022Ottoniel dos Santos, a quem coube a responsabilidade de encerrar o evento em celebra\\u00E7\\u00E3o da mulher, denominado \\u0022Mulheres, Neg\\u00F3cios e o Mercado de Capitais\\u0022, organizado pela Comiss\\u00E3o de Mercado de Capitais (CMC), disse ainda que a independ\\u00EAncia financeira das fam\\u00EDlias depende do envolvimento das Senhoras e que muitas destas com cargos de lideran\\u00E7a.\u0022},\u0022imagem\u0022:{\u0022iv\u0022:[\u0022590345d0-edf6-4321-b914-44f16b177aff\u0022]}},\u0022contentId\u0022:\u0022ed6d376b-4ba8-40ad-84e8-894255be1a68\u0022,\u0022schemaId\u0022:\u0022d0fef219-6f52-49fd-b111-a16444195e14,banner\u0022,\u0022appId\u0022:\u00224d184d5a-f661-48c9-b0d8-deabdf65ac13,portal-minfin\u0022,\u0022actor\u0022:\u0022subject:649ea72ca73a6ab44d486e08\u0022,\u0022fromRule\u0022:false}","h":{"EventId":"55b4be9d-a079-4eb3-8d1b-23b78e30edc4","Timestamp":"2023-06-22T09:31:38Z","AggregateId":"4d184d5a-f661-48c9-b0d8-deabdf65ac13--ed6d376b-4ba8-40ad-84e8-894255be1a68","CommitId":"401ae40d-6922-46c2-bd65-ad1c66929be7","EventNumber":"1688119085-229-0-1","EventStreamNumber":0,"Restored":true}},"streamName":null,"eventPosition":null,"eventStreamNumber":0,"data":null}