{"n":{"t":"ContentUpdatedEvent","s":"content-4d184d5a-f661-48c9-b0d8-deabdf65ac13--b59b73c2-0b12-4dc1-8b01-6e814da7cb73","p":"{\u0022data\u0022:{\u0022descricao\u0022:{\u0022iv\u0022:\u0022Lorem ipsum dolor sit amet, consectetur adipiscing elit, sed do incididunt ut labore et dolore magna aliqua. Ut enim ad minimquis nostrud exercitation ullamco laboris nisi ut aliquip ex ea commodo consequat.  Duis aute irure dolor in reprehenderit in voluptate velit esse cillum dolore eu fugiat nulla pariatur. Pullamco laboris nisi ut aliquip ex ea commodo consequat\u0022},\u0022imagem\u0022:{\u0022iv\u0022:[\u0022dd033665-b986-43a2-92dc-cf2172d89c29\u0022]}},\u0022newVersion\u0022:false,\u0022contentId\u0022:\u0022b59b73c2-0b12-4dc1-8b01-6e814da7cb73\u0022,\u0022schemaId\u0022:\u002212d73c62-dbc4-4c8a-910b-fed2891b0392,missao\u0022,\u0022appId\u0022:\u00224d184d5a-f661-48c9-b0d8-deabdf65ac13,portal-minfin\u0022,\u0022actor\u0022:\u0022subject:649ea72ca73a6ab44d486e07\u0022,\u0022fromRule\u0022:false}","h":{"EventId":"31edf5e5-5a04-4af0-80fa-572a8e42c10c","Timestamp":"2023-06-22T09:51:52Z","AggregateId":"4d184d5a-f661-48c9-b0d8-deabdf65ac13--b59b73c2-0b12-4dc1-8b01-6e814da7cb73","CommitId":"ca17feb0-7831-433e-9f23-b202590de9c0","EventNumber":"1688119085-236-0-1","EventStreamNumber":2,"Restored":true}},"streamName":null,"eventPosition":null,"eventStreamNumber":0,"data":null}