{"n":{"t":"ContentCreatedEventV2","s":"content-4d184d5a-f661-48c9-b0d8-deabdf65ac13--b9bdc29f-5af0-4a54-9183-f9d4e4f5e34a","p":"{\u0022status\u0022:\u0022Draft\u0022,\u0022data\u0022:{\u0022titulo\u0022:{\u0022iv\u0022:\u0022\\u201CA Mulher \\u00E9 a base de uma sociedade\\u201D\u0022},\u0022dataDaPublicacao\u0022:{\u0022iv\u0022:\u00222023-06-22T00:00:00Z\u0022},\u0022descricao\u0022:{\u0022iv\u0022:\u0022Ottoniel dos Santos, a quem coube a responsabilidade de encerrar o evento em celebra\\u00E7\\u00E3o da mulher, denominado \\u0022Mulheres, Neg\\u00F3cios e o Mercado de Capitais\\u0022, organizado pela Comiss\\u00E3o de Mercado de Capitais (CMC), disse ainda que a independ\\u00EAncia financeira das fam\\u00EDlias depende do envolvimento das Senhoras e que muitas destas com cargos de lideran\\u00E7a\u0022},\u0022imagem\u0022:{\u0022iv\u0022:[\u0022590345d0-edf6-4321-b914-44f16b177aff\u0022]}},\u0022contentId\u0022:\u0022b9bdc29f-5af0-4a54-9183-f9d4e4f5e34a\u0022,\u0022schemaId\u0022:\u0022d0fef219-6f52-49fd-b111-a16444195e14,banner\u0022,\u0022appId\u0022:\u00224d184d5a-f661-48c9-b0d8-deabdf65ac13,portal-minfin\u0022,\u0022actor\u0022:\u0022subject:649ea72ca73a6ab44d486e08\u0022,\u0022fromRule\u0022:false}","h":{"EventId":"5c063491-8fd4-4226-a3cc-71df0af9ad80","Timestamp":"2023-06-22T10:01:20Z","AggregateId":"4d184d5a-f661-48c9-b0d8-deabdf65ac13--b9bdc29f-5af0-4a54-9183-f9d4e4f5e34a","CommitId":"bf580eaa-ae7c-472c-835f-5d01f1c5238e","EventNumber":"1688119085-238-0-1","EventStreamNumber":0,"Restored":true}},"streamName":null,"eventPosition":null,"eventStreamNumber":0,"data":null}