{"n":{"t":"SchemaCreatedEventV2","s":"schema-4d184d5a-f661-48c9-b0d8-deabdf65ac13--cb82068b-e3ed-4656-bbe2-a9f9c105c0de","p":"{\u0022schema\u0022:{\u0022name\u0022:\u0022slide\u0022,\u0022category\u0022:null,\u0022isPublished\u0022:false,\u0022type\u0022:\u0022Default\u0022,\u0022properties\u0022:{\u0022tags\u0022:null,\u0022contentsSidebarUrl\u0022:null,\u0022contentSidebarUrl\u0022:null,\u0022contentEditorUrl\u0022:null,\u0022validateOnPublish\u0022:false,\u0022label\u0022:null,\u0022hints\u0022:null},\u0022scripts\u0022:{\u0022change\u0022:null,\u0022create\u0022:null,\u0022update\u0022:null,\u0022delete\u0022:null,\u0022query\u0022:null,\u0022queryPre\u0022:null},\u0022fieldsInLists\u0022:[],\u0022fieldsInReferences\u0022:[],\u0022fieldRules\u0022:[],\u0022fields\u0022:[],\u0022previewUrls\u0022:{}},\u0022schemaId\u0022:\u0022cb82068b-e3ed-4656-bbe2-a9f9c105c0de,slide\u0022,\u0022appId\u0022:\u00224d184d5a-f661-48c9-b0d8-deabdf65ac13,portal-minfin\u0022,\u0022actor\u0022:\u0022subject:649ea72ca73a6ab44d486e07\u0022,\u0022fromRule\u0022:false}","h":{"EventId":"2a0b7bcb-802d-4b86-9adc-8196e078fe22","Timestamp":"2023-06-22T10:05:32Z","AggregateId":"4d184d5a-f661-48c9-b0d8-deabdf65ac13--cb82068b-e3ed-4656-bbe2-a9f9c105c0de","CommitId":"31c466fb-9ea0-4475-90a6-bef2d4dea8f7","EventNumber":"1688119085-240-0-1","EventStreamNumber":0,"Restored":true}},"streamName":null,"eventPosition":null,"eventStreamNumber":0,"data":null}