{"n":{"t":"SchemaPublishedEvent","s":"schema-4d184d5a-f661-48c9-b0d8-deabdf65ac13--cb82068b-e3ed-4656-bbe2-a9f9c105c0de","p":"{\u0022schemaId\u0022:\u0022cb82068b-e3ed-4656-bbe2-a9f9c105c0de,slide\u0022,\u0022appId\u0022:\u00224d184d5a-f661-48c9-b0d8-deabdf65ac13,portal-minfin\u0022,\u0022actor\u0022:\u0022subject:649ea72ca73a6ab44d486e07\u0022,\u0022fromRule\u0022:false}","h":{"EventId":"669b1d76-c938-47a4-b457-92bdf4904c03","Timestamp":"2023-06-22T10:17:35Z","AggregateId":"4d184d5a-f661-48c9-b0d8-deabdf65ac13--cb82068b-e3ed-4656-bbe2-a9f9c105c0de","CommitId":"433c94c7-e028-4267-b0f6-ca1ca9f80014","EventNumber":"1688119085-243-0-1","EventStreamNumber":3,"Restored":true}},"streamName":null,"eventPosition":null,"eventStreamNumber":0,"data":null}