{"n":{"t":"ContentCreatedEventV2","s":"content-4d184d5a-f661-48c9-b0d8-deabdf65ac13--233f5dcf-57cd-4dbd-954e-65f462c12c34","p":"{\u0022status\u0022:\u0022Draft\u0022,\u0022data\u0022:{\u0022titulo\u0022:{\u0022iv\u0022:\u0022MINFIN e BAD avaliam estrat\\u00E9gias para o quadri\\u00E9nio 2024-2028\u0022},\u0022dataDaPublicacao\u0022:{\u0022iv\u0022:\u00222023-03-22T00:00:00Z\u0022},\u0022descricao\u0022:{\u0022iv\u0022:\u0022A Ministra das Finan\\u00E7as, Vera Daves de Sousa, recebeu na manh\\u00E3 desta segunda-feira, 27, uma miss\\u00E3o do Banco Africano de Desenvolvimento (BAD), que se encontra no pa\\u00EDs para uma jornada de di\\u00E1logo sobre a elabora\\u00E7\\u00E3o de novo Documento de Estrat\\u00E9gia referente ao per\\u00EDodo de 2024 a 2028 (CSP 2024-2028).\u0022},\u0022imagem\u0022:{\u0022iv\u0022:[\u002233557236-1c11-42a6-9f2e-03a6d7b067eb\u0022]}},\u0022contentId\u0022:\u0022233f5dcf-57cd-4dbd-954e-65f462c12c34\u0022,\u0022schemaId\u0022:\u0022d0fef219-6f52-49fd-b111-a16444195e14,banner\u0022,\u0022appId\u0022:\u00224d184d5a-f661-48c9-b0d8-deabdf65ac13,portal-minfin\u0022,\u0022actor\u0022:\u0022subject:649ea72ca73a6ab44d486e08\u0022,\u0022fromRule\u0022:false}","h":{"EventId":"4ffc2732-885e-4b41-9703-32d320a84277","Timestamp":"2023-06-22T10:21:51Z","AggregateId":"4d184d5a-f661-48c9-b0d8-deabdf65ac13--233f5dcf-57cd-4dbd-954e-65f462c12c34","CommitId":"59261e44-1242-4301-a427-fd4b762c56f2","EventNumber":"1688119085-245-0-1","EventStreamNumber":0,"Restored":true}},"streamName":null,"eventPosition":null,"eventStreamNumber":0,"data":null}