{"n":{"t":"ContentStatusChangedEventV2","s":"content-4d184d5a-f661-48c9-b0d8-deabdf65ac13--d26a2917-1f34-40f4-9fae-26be7db33cf3","p":"{\u0022change\u0022:\u0022Published\u0022,\u0022status\u0022:\u0022Published\u0022,\u0022newVersion\u0022:false,\u0022contentId\u0022:\u0022d26a2917-1f34-40f4-9fae-26be7db33cf3\u0022,\u0022schemaId\u0022:\u0022cb82068b-e3ed-4656-bbe2-a9f9c105c0de,slide\u0022,\u0022appId\u0022:\u00224d184d5a-f661-48c9-b0d8-deabdf65ac13,portal-minfin\u0022,\u0022actor\u0022:\u0022subject:649ea72ca73a6ab44d486e07\u0022,\u0022fromRule\u0022:false}","h":{"EventId":"0beb55ec-efb0-4896-b356-0ff8fa4baee7","Timestamp":"2023-06-22T10:26:11Z","AggregateId":"4d184d5a-f661-48c9-b0d8-deabdf65ac13--d26a2917-1f34-40f4-9fae-26be7db33cf3","CommitId":"34e0a4c1-7e67-4866-b0ed-e3df3cbd6389","EventNumber":"1688119085-248-0-1","EventStreamNumber":1,"Restored":true}},"streamName":null,"eventPosition":null,"eventStreamNumber":0,"data":null}