{"n":{"t":"ContentStatusChangedEventV2","s":"content-4d184d5a-f661-48c9-b0d8-deabdf65ac13--ffda574f-4914-4bf7-94e1-13924e4f17ba","p":"{\u0022change\u0022:\u0022Published\u0022,\u0022status\u0022:\u0022Published\u0022,\u0022newVersion\u0022:false,\u0022contentId\u0022:\u0022ffda574f-4914-4bf7-94e1-13924e4f17ba\u0022,\u0022schemaId\u0022:\u0022fd3c19af-448f-4bea-b781-deaf0c65dff2,legislacao\u0022,\u0022appId\u0022:\u00224d184d5a-f661-48c9-b0d8-deabdf65ac13,portal-minfin\u0022,\u0022actor\u0022:\u0022subject:649ea72ca73a6ab44d486e07\u0022,\u0022fromRule\u0022:false}","h":{"EventId":"6b05b9b1-9f63-41bb-b4c2-bb012ca3457f","Timestamp":"2023-06-22T10:31:38Z","AggregateId":"4d184d5a-f661-48c9-b0d8-deabdf65ac13--ffda574f-4914-4bf7-94e1-13924e4f17ba","CommitId":"59caf89b-b650-4bf6-a16b-51aca3c0c1e0","EventNumber":"1688119085-250-0-1","EventStreamNumber":1,"Restored":true}},"streamName":null,"eventPosition":null,"eventStreamNumber":0,"data":null}