{"n":{"t":"FieldAddedEvent","s":"schema-4d184d5a-f661-48c9-b0d8-deabdf65ac13--49c92843-7c87-4e06-945b-e699e958aca4","p":"{\u0022name\u0022:\u0022data-publicacao\u0022,\u0022partitioning\u0022:\u0022invariant\u0022,\u0022properties\u0022:{\u0022$type\u0022:\u0022DateTimeField\u0022,\u0022defaultValues\u0022:null,\u0022defaultValue\u0022:null,\u0022maxValue\u0022:null,\u0022minValue\u0022:null,\u0022format\u0022:null,\u0022calculatedDefaultValue\u0022:null,\u0022editor\u0022:\u0022DateTime\u0022,\u0022isRequired\u0022:false,\u0022isRequiredOnPublish\u0022:false,\u0022isHalfWidth\u0022:false,\u0022placeholder\u0022:null,\u0022editorUrl\u0022:null,\u0022tags\u0022:null,\u0022label\u0022:null,\u0022hints\u0022:null},\u0022fieldId\u0022:\u00228,data-publicacao\u0022,\u0022parentFieldId\u0022:null,\u0022schemaId\u0022:\u002249c92843-7c87-4e06-945b-e699e958aca4,news\u0022,\u0022appId\u0022:\u00224d184d5a-f661-48c9-b0d8-deabdf65ac13,portal-minfin\u0022,\u0022actor\u0022:\u0022subject:649d60504c352fe463b1b285\u0022,\u0022fromRule\u0022:false}","h":{"EventId":"e3dd46dd-5783-4e2f-9571-b3c3501a7ab7","Timestamp":"2023-06-21T08:43:40Z","AggregateId":"4d184d5a-f661-48c9-b0d8-deabdf65ac13--49c92843-7c87-4e06-945b-e699e958aca4","CommitId":"a1835521-22d3-41e0-97df-a59c6c2cb609","EventNumber":"1688119085-26-0-1","EventStreamNumber":8,"Restored":true}},"streamName":null,"eventPosition":null,"eventStreamNumber":0,"data":null}