{"n":{"t":"ContentDeletedEvent","s":"content-4d184d5a-f661-48c9-b0d8-deabdf65ac13--133edb1d-22da-4cfd-a35a-8937043f9446","p":"{\u0022contentId\u0022:\u0022133edb1d-22da-4cfd-a35a-8937043f9446\u0022,\u0022schemaId\u0022:\u0022fd3c19af-448f-4bea-b781-deaf0c65dff2,legislacao\u0022,\u0022appId\u0022:\u00224d184d5a-f661-48c9-b0d8-deabdf65ac13,portal-minfin\u0022,\u0022actor\u0022:\u0022subject:649ea72ca73a6ab44d486e07\u0022,\u0022fromRule\u0022:false}","h":{"EventId":"0c472e6b-32e1-4ade-aed3-1ec7108e5f2e","Timestamp":"2023-06-22T10:32:24Z","AggregateId":"4d184d5a-f661-48c9-b0d8-deabdf65ac13--133edb1d-22da-4cfd-a35a-8937043f9446","CommitId":"dae51dbe-bdb1-4a33-bb6a-33f818152af4","EventNumber":"1688119085-252-0-1","EventStreamNumber":1,"Restored":true}},"streamName":null,"eventPosition":null,"eventStreamNumber":0,"data":null}