{"n":{"t":"ContentCreatedEventV2","s":"content-4d184d5a-f661-48c9-b0d8-deabdf65ac13--e42b898d-6858-499c-9843-a59a30cc05c4","p":"{\u0022status\u0022:\u0022Draft\u0022,\u0022data\u0022:{\u0022titulo\u0022:{\u0022pt\u0022:\u0022Decreto Executivo conjunto n\\u00B0303/27\u0022,\u0022en\u0022:null},\u0022descricao\u0022:{\u0022pt\u0022:\u0022\\u003Cp\\u003EMinist\\u0026eacute;rios das Finan\\u0026ccedil;as e do Minist\\u0026eacute;rio do Ensino Superior, Ci\\u0026ecirc;ncia Tecnologia e Inova\\u0026ccedil;\\u0026atilde;o - aprova o Regulamento que estabelece os termos e condi\\u0026ccedil;\\u0026otilde;es gerais de acesso, atribui\\u0026ccedil;\\u0026atilde;o gest\\u0026atilde;o e avalia\\u0026ccedil;\\u0026atilde;o.\\u003C/p\\u003E\u0022,\u0022en\u0022:null},\u0022DataPublicacao\u0022:{\u0022iv\u0022:\u00222015-03-13T00:00:00Z\u0022},\u0022LinkArquivo\u0022:{\u0022iv\u0022:null}},\u0022contentId\u0022:\u0022e42b898d-6858-499c-9843-a59a30cc05c4\u0022,\u0022schemaId\u0022:\u0022fd3c19af-448f-4bea-b781-deaf0c65dff2,legislacao\u0022,\u0022appId\u0022:\u00224d184d5a-f661-48c9-b0d8-deabdf65ac13,portal-minfin\u0022,\u0022actor\u0022:\u0022subject:649ea72ca73a6ab44d486e07\u0022,\u0022fromRule\u0022:false}","h":{"EventId":"702c5169-77c3-46a9-a7d6-0e7b458246da","Timestamp":"2023-06-22T10:32:40Z","AggregateId":"4d184d5a-f661-48c9-b0d8-deabdf65ac13--e42b898d-6858-499c-9843-a59a30cc05c4","CommitId":"aac4bc03-fe59-47db-bd6c-09eb8bc368ca","EventNumber":"1688119085-253-0-1","EventStreamNumber":0,"Restored":true}},"streamName":null,"eventPosition":null,"eventStreamNumber":0,"data":null}