{"n":{"t":"ContentStatusChangedEventV2","s":"content-4d184d5a-f661-48c9-b0d8-deabdf65ac13--d6993d7c-9a1d-4ade-8d27-6559ad9fc005","p":"{\u0022change\u0022:\u0022Published\u0022,\u0022status\u0022:\u0022Published\u0022,\u0022newVersion\u0022:false,\u0022contentId\u0022:\u0022d6993d7c-9a1d-4ade-8d27-6559ad9fc005\u0022,\u0022schemaId\u0022:\u0022fd3c19af-448f-4bea-b781-deaf0c65dff2,legislacao\u0022,\u0022appId\u0022:\u00224d184d5a-f661-48c9-b0d8-deabdf65ac13,portal-minfin\u0022,\u0022actor\u0022:\u0022subject:649ea72ca73a6ab44d486e07\u0022,\u0022fromRule\u0022:false}","h":{"EventId":"68366b39-d7fe-4fac-b445-9574700e3c2f","Timestamp":"2023-06-22T10:32:52Z","AggregateId":"4d184d5a-f661-48c9-b0d8-deabdf65ac13--d6993d7c-9a1d-4ade-8d27-6559ad9fc005","CommitId":"bb139eb4-6ba9-4859-a92f-72245409318c","EventNumber":"1688119085-256-0-1","EventStreamNumber":1,"Restored":true}},"streamName":null,"eventPosition":null,"eventStreamNumber":0,"data":null}