{"n":{"t":"SchemaCategoryChangedEvent","s":"schema-4d184d5a-f661-48c9-b0d8-deabdf65ac13--7d101b48-06a6-4017-8cd8-b9d1bbf71520","p":"{\u0022name\u0022:\u0022Sobre N\\u00F3s\u0022,\u0022schemaId\u0022:\u00227d101b48-06a6-4017-8cd8-b9d1bbf71520,visao\u0022,\u0022appId\u0022:\u00224d184d5a-f661-48c9-b0d8-deabdf65ac13,portal-minfin\u0022,\u0022actor\u0022:\u0022subject:649d60504c352fe463b1b285\u0022,\u0022fromRule\u0022:false}","h":{"EventId":"92a87cc3-0cbc-4771-b7ff-4be3e31b1a82","Timestamp":"2023-06-22T15:28:19Z","AggregateId":"4d184d5a-f661-48c9-b0d8-deabdf65ac13--7d101b48-06a6-4017-8cd8-b9d1bbf71520","CommitId":"7b8164c8-453b-47ea-946d-ddbd260c9178","EventNumber":"1688119085-259-0-1","EventStreamNumber":4,"Restored":true}},"streamName":null,"eventPosition":null,"eventStreamNumber":0,"data":null}