{"n":{"t":"SchemaCategoryChangedEvent","s":"schema-4d184d5a-f661-48c9-b0d8-deabdf65ac13--cf2b17dc-f572-4ae0-a9b3-716315e345c8","p":"{\u0022name\u0022:\u0022Sobre N\\u00F3s\u0022,\u0022schemaId\u0022:\u0022cf2b17dc-f572-4ae0-a9b3-716315e345c8,valores\u0022,\u0022appId\u0022:\u00224d184d5a-f661-48c9-b0d8-deabdf65ac13,portal-minfin\u0022,\u0022actor\u0022:\u0022subject:649d60504c352fe463b1b285\u0022,\u0022fromRule\u0022:false}","h":{"EventId":"0ac83722-8085-480f-9a37-e3ee1b4a4e73","Timestamp":"2023-06-22T15:28:21Z","AggregateId":"4d184d5a-f661-48c9-b0d8-deabdf65ac13--cf2b17dc-f572-4ae0-a9b3-716315e345c8","CommitId":"9fe4ba60-301b-4f2a-8c46-2575aee2bb67","EventNumber":"1688119085-260-0-1","EventStreamNumber":6,"Restored":true}},"streamName":null,"eventPosition":null,"eventStreamNumber":0,"data":null}