{"n":{"t":"ContentUpdatedEvent","s":"content-4d184d5a-f661-48c9-b0d8-deabdf65ac13--b59b73c2-0b12-4dc1-8b01-6e814da7cb73","p":"{\u0022data\u0022:{\u0022descricao\u0022:{\u0022iv\u0022:\u0022Propor, conduzir, executar e avaliar a pol\\u00EDtica de finan\\u00E7as p\\u00FAblicas, promover a gest\\u00E3o racional dos recursos financeiros e patrimoniais p\\u00FAblicos e o equil\\u00EDbrio das contas p\\u00FAblicas, bem como implementar as pol\\u00EDticas de investimento p\\u00FAblico. \u0022},\u0022imagem\u0022:{\u0022iv\u0022:[\u002266207b47-441e-4e6a-aeeb-c282c97d7d9e\u0022]}},\u0022newVersion\u0022:false,\u0022contentId\u0022:\u0022b59b73c2-0b12-4dc1-8b01-6e814da7cb73\u0022,\u0022schemaId\u0022:\u002212d73c62-dbc4-4c8a-910b-fed2891b0392,missao\u0022,\u0022appId\u0022:\u00224d184d5a-f661-48c9-b0d8-deabdf65ac13,portal-minfin\u0022,\u0022actor\u0022:\u0022subject:649d60504c352fe463b1b285\u0022,\u0022fromRule\u0022:false}","h":{"EventId":"051023fb-50a9-4239-ab78-d10c77e06b8a","Timestamp":"2023-06-22T15:31:39Z","AggregateId":"4d184d5a-f661-48c9-b0d8-deabdf65ac13--b59b73c2-0b12-4dc1-8b01-6e814da7cb73","CommitId":"81e1ae52-de5d-4ef4-93c1-cd5f1d300f7c","EventNumber":"1688119085-262-0-1","EventStreamNumber":4,"Restored":true}},"streamName":null,"eventPosition":null,"eventStreamNumber":0,"data":null}