{"n":{"t":"FieldUpdatedEvent","s":"schema-4d184d5a-f661-48c9-b0d8-deabdf65ac13--fd3c19af-448f-4bea-b781-deaf0c65dff2","p":"{\u0022properties\u0022:{\u0022$type\u0022:\u0022StringField\u0022,\u0022allowedValues\u0022:null,\u0022defaultValues\u0022:null,\u0022defaultValue\u0022:null,\u0022pattern\u0022:null,\u0022patternMessage\u0022:null,\u0022folderId\u0022:null,\u0022minLength\u0022:null,\u0022maxLength\u0022:350,\u0022minCharacters\u0022:null,\u0022maxCharacters\u0022:null,\u0022minWords\u0022:null,\u0022maxWords\u0022:null,\u0022isUnique\u0022:false,\u0022isEmbeddable\u0022:false,\u0022inlineEditable\u0022:false,\u0022createEnum\u0022:false,\u0022contentType\u0022:\u0022Html\u0022,\u0022editor\u0022:\u0022TextArea\u0022,\u0022schemaIds\u0022:null,\u0022isRequired\u0022:false,\u0022isRequiredOnPublish\u0022:false,\u0022isHalfWidth\u0022:false,\u0022placeholder\u0022:null,\u0022editorUrl\u0022:null,\u0022tags\u0022:null,\u0022label\u0022:null,\u0022hints\u0022:null},\u0022fieldId\u0022:\u00223,descricao\u0022,\u0022parentFieldId\u0022:null,\u0022schemaId\u0022:\u0022fd3c19af-448f-4bea-b781-deaf0c65dff2,legislacao\u0022,\u0022appId\u0022:\u00224d184d5a-f661-48c9-b0d8-deabdf65ac13,portal-minfin\u0022,\u0022actor\u0022:\u0022subject:649ea72ca73a6ab44d486e07\u0022,\u0022fromRule\u0022:false}","h":{"EventId":"bf7bc94a-f279-49fa-b32c-b46a9feca55d","Timestamp":"2023-06-23T08:27:37Z","AggregateId":"4d184d5a-f661-48c9-b0d8-deabdf65ac13--fd3c19af-448f-4bea-b781-deaf0c65dff2","CommitId":"377152ae-2ada-4f56-bf8e-2d21662020d3","EventNumber":"1688119085-264-0-1","EventStreamNumber":28,"Restored":true}},"streamName":null,"eventPosition":null,"eventStreamNumber":0,"data":null}