{"n":{"t":"ContentUpdatedEvent","s":"content-4d184d5a-f661-48c9-b0d8-deabdf65ac13--2ef0d557-a945-430d-8d6b-383090dd930b","p":"{\u0022data\u0022:{\u0022titulo\u0022:{\u0022pt\u0022:\u0022Decreto Executivo conjunto n\\u00B0303/27\u0022,\u0022en\u0022:null},\u0022descricao\u0022:{\u0022pt\u0022:\u0022Determina os \\u00D3rg\\u00E3os e Servi\\u00E7os que Ficam sob a Coordena\\u00E7\\u00E3o e Supervis\\u00E3o Directa da Ministra e subdelega a cada um dos Secret\\u00E1rios de Estado a Supervis\\u00E3o das Actividades Relativas aos Servi\\u00E7os e \\u00D3rg\\u00E3os\u0022,\u0022en\u0022:null},\u0022DataPublicacao\u0022:{\u0022iv\u0022:\u00222015-03-13T00:00:00Z\u0022},\u0022LinkArquivo\u0022:{\u0022iv\u0022:null}},\u0022newVersion\u0022:false,\u0022contentId\u0022:\u00222ef0d557-a945-430d-8d6b-383090dd930b\u0022,\u0022schemaId\u0022:\u0022fd3c19af-448f-4bea-b781-deaf0c65dff2,legislacao\u0022,\u0022appId\u0022:\u00224d184d5a-f661-48c9-b0d8-deabdf65ac13,portal-minfin\u0022,\u0022actor\u0022:\u0022subject:649ea72ca73a6ab44d486e07\u0022,\u0022fromRule\u0022:false}","h":{"EventId":"5eec1525-641c-4e9b-8eaf-ab5f39a5a0f5","Timestamp":"2023-06-23T10:32:19Z","AggregateId":"4d184d5a-f661-48c9-b0d8-deabdf65ac13--2ef0d557-a945-430d-8d6b-383090dd930b","CommitId":"95dc1e0e-3f1a-4477-9349-8a1d0a473b49","EventNumber":"1688119085-267-0-1","EventStreamNumber":2,"Restored":true}},"streamName":null,"eventPosition":null,"eventStreamNumber":0,"data":null}