{"n":{"t":"ContentDeletedEvent","s":"content-4d184d5a-f661-48c9-b0d8-deabdf65ac13--d6993d7c-9a1d-4ade-8d27-6559ad9fc005","p":"{\u0022contentId\u0022:\u0022d6993d7c-9a1d-4ade-8d27-6559ad9fc005\u0022,\u0022schemaId\u0022:\u0022fd3c19af-448f-4bea-b781-deaf0c65dff2,legislacao\u0022,\u0022appId\u0022:\u00224d184d5a-f661-48c9-b0d8-deabdf65ac13,portal-minfin\u0022,\u0022actor\u0022:\u0022subject:649ea72ca73a6ab44d486e07\u0022,\u0022fromRule\u0022:false}","h":{"EventId":"19b306a8-2b02-4102-86a3-3b0088e7e954","Timestamp":"2023-06-23T10:33:33Z","AggregateId":"4d184d5a-f661-48c9-b0d8-deabdf65ac13--d6993d7c-9a1d-4ade-8d27-6559ad9fc005","CommitId":"ed262619-d523-4107-8c5f-8214f0aaa96f","EventNumber":"1688119085-268-0-1","EventStreamNumber":2,"Restored":true}},"streamName":null,"eventPosition":null,"eventStreamNumber":0,"data":null}