{"n":{"t":"ContentDeletedEvent","s":"content-4d184d5a-f661-48c9-b0d8-deabdf65ac13--ffda574f-4914-4bf7-94e1-13924e4f17ba","p":"{\u0022contentId\u0022:\u0022ffda574f-4914-4bf7-94e1-13924e4f17ba\u0022,\u0022schemaId\u0022:\u0022fd3c19af-448f-4bea-b781-deaf0c65dff2,legislacao\u0022,\u0022appId\u0022:\u00224d184d5a-f661-48c9-b0d8-deabdf65ac13,portal-minfin\u0022,\u0022actor\u0022:\u0022subject:649ea72ca73a6ab44d486e07\u0022,\u0022fromRule\u0022:false}","h":{"EventId":"d1df21cb-0600-4784-a0fe-ee7b6703ecb8","Timestamp":"2023-06-23T10:33:42Z","AggregateId":"4d184d5a-f661-48c9-b0d8-deabdf65ac13--ffda574f-4914-4bf7-94e1-13924e4f17ba","CommitId":"c876b747-b945-46de-8ac1-1b4d00148209","EventNumber":"1688119085-270-0-1","EventStreamNumber":2,"Restored":true}},"streamName":null,"eventPosition":null,"eventStreamNumber":0,"data":null}