{"n":{"t":"ContentDeletedEvent","s":"content-4d184d5a-f661-48c9-b0d8-deabdf65ac13--970f3359-7063-4982-8d12-a6afa924eaab","p":"{\u0022contentId\u0022:\u0022970f3359-7063-4982-8d12-a6afa924eaab\u0022,\u0022schemaId\u0022:\u0022fd3c19af-448f-4bea-b781-deaf0c65dff2,legislacao\u0022,\u0022appId\u0022:\u00224d184d5a-f661-48c9-b0d8-deabdf65ac13,portal-minfin\u0022,\u0022actor\u0022:\u0022subject:649ea72ca73a6ab44d486e07\u0022,\u0022fromRule\u0022:false}","h":{"EventId":"ea0e70c7-dd64-47be-86e3-2b7d6502c270","Timestamp":"2023-06-23T10:33:46Z","AggregateId":"4d184d5a-f661-48c9-b0d8-deabdf65ac13--970f3359-7063-4982-8d12-a6afa924eaab","CommitId":"4ca375e6-ea26-4b4a-ba76-c087f66d1322","EventNumber":"1688119085-271-0-1","EventStreamNumber":4,"Restored":true}},"streamName":null,"eventPosition":null,"eventStreamNumber":0,"data":null}