{"n":{"t":"ContentStatusChangedEventV2","s":"content-4d184d5a-f661-48c9-b0d8-deabdf65ac13--9673e34e-97a4-477c-b0db-0297283f02e1","p":"{\u0022change\u0022:\u0022Published\u0022,\u0022status\u0022:\u0022Published\u0022,\u0022newVersion\u0022:false,\u0022contentId\u0022:\u00229673e34e-97a4-477c-b0db-0297283f02e1\u0022,\u0022schemaId\u0022:\u0022fd3c19af-448f-4bea-b781-deaf0c65dff2,legislacao\u0022,\u0022appId\u0022:\u00224d184d5a-f661-48c9-b0d8-deabdf65ac13,portal-minfin\u0022,\u0022actor\u0022:\u0022subject:649ea72ca73a6ab44d486e07\u0022,\u0022fromRule\u0022:false}","h":{"EventId":"2a22a7fc-d8ad-4876-acda-031b1c981199","Timestamp":"2023-06-23T10:33:57Z","AggregateId":"4d184d5a-f661-48c9-b0d8-deabdf65ac13--9673e34e-97a4-477c-b0db-0297283f02e1","CommitId":"c5d0d1b2-4f4e-41fa-8543-93d4d049c4b9","EventNumber":"1688119085-273-0-1","EventStreamNumber":1,"Restored":true}},"streamName":null,"eventPosition":null,"eventStreamNumber":0,"data":null}