{"n":{"t":"ContentStatusChangedEventV2","s":"content-4d184d5a-f661-48c9-b0d8-deabdf65ac13--c8dee886-7a9f-4d76-a2d9-6e7f7db90129","p":"{\u0022change\u0022:\u0022Published\u0022,\u0022status\u0022:\u0022Published\u0022,\u0022newVersion\u0022:false,\u0022contentId\u0022:\u0022c8dee886-7a9f-4d76-a2d9-6e7f7db90129\u0022,\u0022schemaId\u0022:\u0022fd3c19af-448f-4bea-b781-deaf0c65dff2,legislacao\u0022,\u0022appId\u0022:\u00224d184d5a-f661-48c9-b0d8-deabdf65ac13,portal-minfin\u0022,\u0022actor\u0022:\u0022subject:649ea72ca73a6ab44d486e07\u0022,\u0022fromRule\u0022:false}","h":{"EventId":"d1c9226b-36b5-4626-bb32-2f2cfa10f39d","Timestamp":"2023-06-23T10:34:07Z","AggregateId":"4d184d5a-f661-48c9-b0d8-deabdf65ac13--c8dee886-7a9f-4d76-a2d9-6e7f7db90129","CommitId":"ce2c3577-e9d0-4bd2-8b19-9a242b8bd337","EventNumber":"1688119085-275-0-1","EventStreamNumber":1,"Restored":true}},"streamName":null,"eventPosition":null,"eventStreamNumber":0,"data":null}