{"n":{"t":"ContentCreatedEventV2","s":"content-4d184d5a-f661-48c9-b0d8-deabdf65ac13--efec85b3-71ba-404b-a733-0cdbfa8b2344","p":"{\u0022status\u0022:\u0022Draft\u0022,\u0022data\u0022:{\u0022titulo\u0022:{\u0022pt\u0022:\u0022Decreto Executivo conjunto n\\u00B0303/27\u0022,\u0022en\u0022:null},\u0022descricao\u0022:{\u0022pt\u0022:\u0022Determina os \\u00D3rg\\u00E3os e Servi\\u00E7os que Ficam sob a Coordena\\u00E7\\u00E3o e Supervis\\u00E3o Directa da Ministra e subdelega a cada um dos Secret\\u00E1rios de Estado a Supervis\\u00E3o das Actividades Relativas aos Servi\\u00E7os e \\u00D3rg\\u00E3os\u0022,\u0022en\u0022:null},\u0022DataPublicacao\u0022:{\u0022iv\u0022:\u00222015-03-13T00:00:00Z\u0022},\u0022LinkArquivo\u0022:{\u0022iv\u0022:null}},\u0022contentId\u0022:\u0022efec85b3-71ba-404b-a733-0cdbfa8b2344\u0022,\u0022schemaId\u0022:\u0022fd3c19af-448f-4bea-b781-deaf0c65dff2,legislacao\u0022,\u0022appId\u0022:\u00224d184d5a-f661-48c9-b0d8-deabdf65ac13,portal-minfin\u0022,\u0022actor\u0022:\u0022subject:649ea72ca73a6ab44d486e07\u0022,\u0022fromRule\u0022:false}","h":{"EventId":"0f7d3428-2837-4758-8d2b-6dedd53e5991","Timestamp":"2023-06-23T10:34:30Z","AggregateId":"4d184d5a-f661-48c9-b0d8-deabdf65ac13--efec85b3-71ba-404b-a733-0cdbfa8b2344","CommitId":"2abe6bfa-b523-4c04-b2ca-0ad503c5a389","EventNumber":"1688119085-278-0-1","EventStreamNumber":0,"Restored":true}},"streamName":null,"eventPosition":null,"eventStreamNumber":0,"data":null}