{"n":{"t":"ContentStatusChangedEventV2","s":"content-4d184d5a-f661-48c9-b0d8-deabdf65ac13--efec85b3-71ba-404b-a733-0cdbfa8b2344","p":"{\u0022change\u0022:\u0022Published\u0022,\u0022status\u0022:\u0022Published\u0022,\u0022newVersion\u0022:false,\u0022contentId\u0022:\u0022efec85b3-71ba-404b-a733-0cdbfa8b2344\u0022,\u0022schemaId\u0022:\u0022fd3c19af-448f-4bea-b781-deaf0c65dff2,legislacao\u0022,\u0022appId\u0022:\u00224d184d5a-f661-48c9-b0d8-deabdf65ac13,portal-minfin\u0022,\u0022actor\u0022:\u0022subject:649ea72ca73a6ab44d486e07\u0022,\u0022fromRule\u0022:false}","h":{"EventId":"0c3cd00e-29f1-4e73-ad76-c69eff34f790","Timestamp":"2023-06-23T10:34:30Z","AggregateId":"4d184d5a-f661-48c9-b0d8-deabdf65ac13--efec85b3-71ba-404b-a733-0cdbfa8b2344","CommitId":"95b4a03a-cc46-4ef9-9d47-8fce86f2ba94","EventNumber":"1688119085-279-0-1","EventStreamNumber":1,"Restored":true}},"streamName":null,"eventPosition":null,"eventStreamNumber":0,"data":null}