{"n":{"t":"ContentStatusChangedEventV2","s":"content-4d184d5a-f661-48c9-b0d8-deabdf65ac13--6d8dad15-5c23-436b-9931-18daa3eb2aba","p":"{\u0022change\u0022:\u0022Published\u0022,\u0022status\u0022:\u0022Published\u0022,\u0022newVersion\u0022:false,\u0022contentId\u0022:\u00226d8dad15-5c23-436b-9931-18daa3eb2aba\u0022,\u0022schemaId\u0022:\u0022fd3c19af-448f-4bea-b781-deaf0c65dff2,legislacao\u0022,\u0022appId\u0022:\u00224d184d5a-f661-48c9-b0d8-deabdf65ac13,portal-minfin\u0022,\u0022actor\u0022:\u0022subject:649ea72ca73a6ab44d486e07\u0022,\u0022fromRule\u0022:false}","h":{"EventId":"96224afa-8f60-4ba6-a9f5-233f78936d26","Timestamp":"2023-06-27T15:40:11Z","AggregateId":"4d184d5a-f661-48c9-b0d8-deabdf65ac13--6d8dad15-5c23-436b-9931-18daa3eb2aba","CommitId":"7c343b44-7209-4f5b-b6d9-2f403784e3d3","EventNumber":"1688119085-281-0-1","EventStreamNumber":1,"Restored":true}},"streamName":null,"eventPosition":null,"eventStreamNumber":0,"data":null}