{"n":{"t":"ContentStatusChangedEventV2","s":"content-4d184d5a-f661-48c9-b0d8-deabdf65ac13--74f54a4d-595d-4947-8bec-3fd6d5ae49ca","p":"{\u0022change\u0022:\u0022Published\u0022,\u0022status\u0022:\u0022Published\u0022,\u0022newVersion\u0022:false,\u0022contentId\u0022:\u002274f54a4d-595d-4947-8bec-3fd6d5ae49ca\u0022,\u0022schemaId\u0022:\u0022fd3c19af-448f-4bea-b781-deaf0c65dff2,legislacao\u0022,\u0022appId\u0022:\u00224d184d5a-f661-48c9-b0d8-deabdf65ac13,portal-minfin\u0022,\u0022actor\u0022:\u0022subject:649ea72ca73a6ab44d486e07\u0022,\u0022fromRule\u0022:false}","h":{"EventId":"8cc7c604-7b4d-407f-9ad7-a1d204002bba","Timestamp":"2023-06-27T15:40:21Z","AggregateId":"4d184d5a-f661-48c9-b0d8-deabdf65ac13--74f54a4d-595d-4947-8bec-3fd6d5ae49ca","CommitId":"0319a345-73b6-4789-a31f-7508c06dce52","EventNumber":"1688119085-283-0-1","EventStreamNumber":1,"Restored":true}},"streamName":null,"eventPosition":null,"eventStreamNumber":0,"data":null}