{"n":{"t":"ContentCreatedEventV2","s":"content-4d184d5a-f661-48c9-b0d8-deabdf65ac13--202dbab4-7d66-4d78-b56c-3b8e01159c19","p":"{\u0022status\u0022:\u0022Draft\u0022,\u0022data\u0022:{\u0022titulo\u0022:{\u0022pt\u0022:\u0022Decreto Executivo conjunto n\\u00B0303/27\u0022,\u0022en\u0022:null},\u0022descricao\u0022:{\u0022pt\u0022:\u0022Determina os \\u00D3rg\\u00E3os e Servi\\u00E7os que Ficam sob a Coordena\\u00E7\\u00E3o e Supervis\\u00E3o Directa da Ministra e subdelega a cada um dos Secret\\u00E1rios de Estado a Supervis\\u00E3o das Actividades Relativas aos Servi\\u00E7os e \\u00D3rg\\u00E3os\u0022,\u0022en\u0022:null},\u0022DataPublicacao\u0022:{\u0022iv\u0022:\u00222015-03-13T00:00:00Z\u0022},\u0022LinkArquivo\u0022:{\u0022iv\u0022:null}},\u0022contentId\u0022:\u0022202dbab4-7d66-4d78-b56c-3b8e01159c19\u0022,\u0022schemaId\u0022:\u0022fd3c19af-448f-4bea-b781-deaf0c65dff2,legislacao\u0022,\u0022appId\u0022:\u00224d184d5a-f661-48c9-b0d8-deabdf65ac13,portal-minfin\u0022,\u0022actor\u0022:\u0022subject:649ea72ca73a6ab44d486e07\u0022,\u0022fromRule\u0022:false}","h":{"EventId":"f296cc48-1a43-4cb3-b87a-ba357a969d4a","Timestamp":"2023-06-27T15:40:34Z","AggregateId":"4d184d5a-f661-48c9-b0d8-deabdf65ac13--202dbab4-7d66-4d78-b56c-3b8e01159c19","CommitId":"24f6ca6b-c8bf-4c3a-8ee5-bf44ab90bf9d","EventNumber":"1688119085-284-0-1","EventStreamNumber":0,"Restored":true}},"streamName":null,"eventPosition":null,"eventStreamNumber":0,"data":null}