{"n":{"t":"ContentStatusChangedEventV2","s":"content-4d184d5a-f661-48c9-b0d8-deabdf65ac13--202dbab4-7d66-4d78-b56c-3b8e01159c19","p":"{\u0022change\u0022:\u0022Published\u0022,\u0022status\u0022:\u0022Published\u0022,\u0022newVersion\u0022:false,\u0022contentId\u0022:\u0022202dbab4-7d66-4d78-b56c-3b8e01159c19\u0022,\u0022schemaId\u0022:\u0022fd3c19af-448f-4bea-b781-deaf0c65dff2,legislacao\u0022,\u0022appId\u0022:\u00224d184d5a-f661-48c9-b0d8-deabdf65ac13,portal-minfin\u0022,\u0022actor\u0022:\u0022subject:649ea72ca73a6ab44d486e07\u0022,\u0022fromRule\u0022:false}","h":{"EventId":"55ed00aa-341b-43b0-98d5-8085d3535a9b","Timestamp":"2023-06-27T15:40:34Z","AggregateId":"4d184d5a-f661-48c9-b0d8-deabdf65ac13--202dbab4-7d66-4d78-b56c-3b8e01159c19","CommitId":"3ca04b8e-f953-4c7a-ae60-679a3aa80d45","EventNumber":"1688119085-285-0-1","EventStreamNumber":1,"Restored":true}},"streamName":null,"eventPosition":null,"eventStreamNumber":0,"data":null}