{"n":{"t":"AppContributorAssignedEventV2","s":"app-4d184d5a-f661-48c9-b0d8-deabdf65ac13","p":"{\u0022contributorId\u0022:\u0022649d60504c352fe463b1b285\u0022,\u0022role\u0022:\u0022Owner\u0022,\u0022isCreated\u0022:false,\u0022isAdded\u0022:true,\u0022appId\u0022:\u00224d184d5a-f661-48c9-b0d8-deabdf65ac13,portal-minfin\u0022,\u0022actor\u0022:\u0022subject:649d60504c352fe463b1b285\u0022,\u0022fromRule\u0022:false}","h":{"EventId":"83c972f7-2c89-400f-8c28-345e79187cb3","Timestamp":"2023-06-30T09:58:06Z","AggregateId":"4d184d5a-f661-48c9-b0d8-deabdf65ac13","CommitId":"6071574e-bfc5-4425-888a-14ac099f3585","EventNumber":"1688119086-1-0-1","EventStreamNumber":24}},"streamName":null,"eventPosition":null,"eventStreamNumber":0,"data":null}