{"n":{"t":"SchemaUnpublishedEvent","s":"schema-4d184d5a-f661-48c9-b0d8-deabdf65ac13--fd3c19af-448f-4bea-b781-deaf0c65dff2","p":"{\u0022schemaId\u0022:\u0022fd3c19af-448f-4bea-b781-deaf0c65dff2,legislacao\u0022,\u0022appId\u0022:\u00224d184d5a-f661-48c9-b0d8-deabdf65ac13,portal-minfin\u0022,\u0022actor\u0022:\u0022subject:649d60504c352fe463b1b285\u0022,\u0022fromRule\u0022:false}","h":{"EventId":"f414a553-2eaf-4da4-8c0e-6aaa3368637b","Timestamp":"2023-06-30T11:11:57Z","AggregateId":"4d184d5a-f661-48c9-b0d8-deabdf65ac13--fd3c19af-448f-4bea-b781-deaf0c65dff2","CommitId":"22a9544f-e3e8-48c0-8334-d852f4af4e9f","EventNumber":"1688123517-1-0-1","EventStreamNumber":31}},"streamName":null,"eventPosition":null,"eventStreamNumber":0,"data":null}