{"n":{"t":"SchemaPublishedEvent","s":"schema-4d184d5a-f661-48c9-b0d8-deabdf65ac13--fd3c19af-448f-4bea-b781-deaf0c65dff2","p":"{\u0022schemaId\u0022:\u0022fd3c19af-448f-4bea-b781-deaf0c65dff2,legislacao\u0022,\u0022appId\u0022:\u00224d184d5a-f661-48c9-b0d8-deabdf65ac13,portal-minfin\u0022,\u0022actor\u0022:\u0022subject:649d60504c352fe463b1b285\u0022,\u0022fromRule\u0022:false}","h":{"EventId":"278168dc-5e38-4a6c-9cd5-1b24f4cb51c9","Timestamp":"2023-06-30T11:11:59Z","AggregateId":"4d184d5a-f661-48c9-b0d8-deabdf65ac13--fd3c19af-448f-4bea-b781-deaf0c65dff2","CommitId":"471d8fb8-2653-4efb-96b1-2f4e75eb58be","EventNumber":"1688123519-1-0-1","EventStreamNumber":32}},"streamName":null,"eventPosition":null,"eventStreamNumber":0,"data":null}