{"n":{"t":"FieldAddedEvent","s":"schema-4d184d5a-f661-48c9-b0d8-deabdf65ac13--49c92843-7c87-4e06-945b-e699e958aca4","p":"{\u0022name\u0022:\u0022destaque\u0022,\u0022partitioning\u0022:\u0022invariant\u0022,\u0022properties\u0022:{\u0022$type\u0022:\u0022BooleanField\u0022,\u0022defaultValues\u0022:null,\u0022defaultValue\u0022:null,\u0022inlineEditable\u0022:false,\u0022editor\u0022:\u0022Checkbox\u0022,\u0022isRequired\u0022:false,\u0022isRequiredOnPublish\u0022:false,\u0022isHalfWidth\u0022:false,\u0022placeholder\u0022:null,\u0022editorUrl\u0022:null,\u0022tags\u0022:null,\u0022label\u0022:null,\u0022hints\u0022:null},\u0022fieldId\u0022:\u002211,destaque\u0022,\u0022parentFieldId\u0022:null,\u0022schemaId\u0022:\u002249c92843-7c87-4e06-945b-e699e958aca4,news\u0022,\u0022appId\u0022:\u00224d184d5a-f661-48c9-b0d8-deabdf65ac13,portal-minfin\u0022,\u0022actor\u0022:\u0022subject:649d60504c352fe463b1b285\u0022,\u0022fromRule\u0022:false}","h":{"EventId":"b8e4d87e-8362-4434-9226-cd96fc72f1a0","Timestamp":"2023-06-21T08:45:04Z","AggregateId":"4d184d5a-f661-48c9-b0d8-deabdf65ac13--49c92843-7c87-4e06-945b-e699e958aca4","CommitId":"67eaa25e-3173-4bfc-a94f-21eec9428995","EventNumber":"1688119085-30-0-1","EventStreamNumber":12,"Restored":true}},"streamName":null,"eventPosition":null,"eventStreamNumber":0,"data":null}