{"n":{"t":"AppUpdatedEvent","s":"app-4d184d5a-f661-48c9-b0d8-deabdf65ac13","p":"{\u0022label\u0022:\u0022Portal Institucional MINFIN\u0022,\u0022description\u0022:null,\u0022appId\u0022:\u00224d184d5a-f661-48c9-b0d8-deabdf65ac13,portal-minfin\u0022,\u0022actor\u0022:\u0022subject:649d60504c352fe463b1b285\u0022,\u0022fromRule\u0022:false}","h":{"EventId":"51b4a65d-4ade-4907-b4ad-f508c6a71f04","Timestamp":"2023-06-30T13:27:05Z","AggregateId":"4d184d5a-f661-48c9-b0d8-deabdf65ac13","CommitId":"a164ac83-698b-4d1c-a904-9ab095ca84f2","EventNumber":"1688131625-1-0-1","EventStreamNumber":25}},"streamName":null,"eventPosition":null,"eventStreamNumber":0,"data":null}