{"n":{"t":"SchemaUpdatedEvent","s":"schema-4d184d5a-f661-48c9-b0d8-deabdf65ac13--12d73c62-dbc4-4c8a-910b-fed2891b0392","p":"{\u0022properties\u0022:{\u0022tags\u0022:null,\u0022contentsSidebarUrl\u0022:null,\u0022contentSidebarUrl\u0022:null,\u0022contentEditorUrl\u0022:null,\u0022validateOnPublish\u0022:false,\u0022label\u0022:\u0022Missao\u0022,\u0022hints\u0022:null},\u0022schemaId\u0022:\u002212d73c62-dbc4-4c8a-910b-fed2891b0392,missao\u0022,\u0022appId\u0022:\u00224d184d5a-f661-48c9-b0d8-deabdf65ac13,portal-minfin\u0022,\u0022actor\u0022:\u0022subject:649d60504c352fe463b1b285\u0022,\u0022fromRule\u0022:false}","h":{"EventId":"1e18c963-fac9-4b1e-8173-e6fc3151dc00","Timestamp":"2023-06-30T13:27:36Z","AggregateId":"4d184d5a-f661-48c9-b0d8-deabdf65ac13--12d73c62-dbc4-4c8a-910b-fed2891b0392","CommitId":"a25619b8-822f-4254-969c-5d7cebf2b50d","EventNumber":"1688131656-1-0-1","EventStreamNumber":6}},"streamName":null,"eventPosition":null,"eventStreamNumber":0,"data":null}