{"n":{"t":"SchemaUpdatedEvent","s":"schema-4d184d5a-f661-48c9-b0d8-deabdf65ac13--12d73c62-dbc4-4c8a-910b-fed2891b0392","p":"{\u0022properties\u0022:{\u0022tags\u0022:null,\u0022contentsSidebarUrl\u0022:null,\u0022contentSidebarUrl\u0022:null,\u0022contentEditorUrl\u0022:null,\u0022validateOnPublish\u0022:false,\u0022label\u0022:\u0022Miss\\u00E3o\u0022,\u0022hints\u0022:null},\u0022schemaId\u0022:\u002212d73c62-dbc4-4c8a-910b-fed2891b0392,missao\u0022,\u0022appId\u0022:\u00224d184d5a-f661-48c9-b0d8-deabdf65ac13,portal-minfin\u0022,\u0022actor\u0022:\u0022subject:649d60504c352fe463b1b285\u0022,\u0022fromRule\u0022:false}","h":{"EventId":"660241bd-c43e-4611-9fb0-e75966d2e3ed","Timestamp":"2023-06-30T13:27:47Z","AggregateId":"4d184d5a-f661-48c9-b0d8-deabdf65ac13--12d73c62-dbc4-4c8a-910b-fed2891b0392","CommitId":"c4f61bd1-6229-4c03-946a-973b9f601bc5","EventNumber":"1688131667-1-0-1","EventStreamNumber":7}},"streamName":null,"eventPosition":null,"eventStreamNumber":0,"data":null}