{"n":{"t":"SchemaUpdatedEvent","s":"schema-4d184d5a-f661-48c9-b0d8-deabdf65ac13--cf2b17dc-f572-4ae0-a9b3-716315e345c8","p":"{\u0022properties\u0022:{\u0022tags\u0022:null,\u0022contentsSidebarUrl\u0022:null,\u0022contentSidebarUrl\u0022:null,\u0022contentEditorUrl\u0022:null,\u0022validateOnPublish\u0022:false,\u0022label\u0022:\u0022Valores\u0022,\u0022hints\u0022:null},\u0022schemaId\u0022:\u0022cf2b17dc-f572-4ae0-a9b3-716315e345c8,valores\u0022,\u0022appId\u0022:\u00224d184d5a-f661-48c9-b0d8-deabdf65ac13,portal-minfin\u0022,\u0022actor\u0022:\u0022subject:649d60504c352fe463b1b285\u0022,\u0022fromRule\u0022:false}","h":{"EventId":"f830262a-e1f6-49a1-abd2-d33237b7c8e8","Timestamp":"2023-06-30T13:28:00Z","AggregateId":"4d184d5a-f661-48c9-b0d8-deabdf65ac13--cf2b17dc-f572-4ae0-a9b3-716315e345c8","CommitId":"0ed06e60-4bf1-4a2b-b799-d45de7f16d0a","EventNumber":"1688131680-1-0-1","EventStreamNumber":7}},"streamName":null,"eventPosition":null,"eventStreamNumber":0,"data":null}