{"n":{"t":"SchemaUpdatedEvent","s":"schema-4d184d5a-f661-48c9-b0d8-deabdf65ac13--7d101b48-06a6-4017-8cd8-b9d1bbf71520","p":"{\u0022properties\u0022:{\u0022tags\u0022:null,\u0022contentsSidebarUrl\u0022:null,\u0022contentSidebarUrl\u0022:null,\u0022contentEditorUrl\u0022:null,\u0022validateOnPublish\u0022:false,\u0022label\u0022:\u0022Vis\\u00E3o\u0022,\u0022hints\u0022:null},\u0022schemaId\u0022:\u00227d101b48-06a6-4017-8cd8-b9d1bbf71520,visao\u0022,\u0022appId\u0022:\u00224d184d5a-f661-48c9-b0d8-deabdf65ac13,portal-minfin\u0022,\u0022actor\u0022:\u0022subject:649d60504c352fe463b1b285\u0022,\u0022fromRule\u0022:false}","h":{"EventId":"d0ed320a-7ae9-40cd-8758-d6b9b80a80b9","Timestamp":"2023-06-30T14:17:03Z","AggregateId":"4d184d5a-f661-48c9-b0d8-deabdf65ac13--7d101b48-06a6-4017-8cd8-b9d1bbf71520","CommitId":"a25d8d37-ec0c-4666-aba2-b634741f583a","EventNumber":"1688134623-1-0-1","EventStreamNumber":5}},"streamName":null,"eventPosition":null,"eventStreamNumber":0,"data":null}