{"n":{"t":"AppContributorAssignedEventV2","s":"app-4d184d5a-f661-48c9-b0d8-deabdf65ac13","p":"{\u0022contributorId\u0022:\u0022649ea72ca73a6ab44d486e06\u0022,\u0022role\u0022:\u0022Editor\u0022,\u0022isCreated\u0022:false,\u0022isAdded\u0022:true,\u0022appId\u0022:\u00224d184d5a-f661-48c9-b0d8-deabdf65ac13,portal-minfin\u0022,\u0022actor\u0022:\u0022subject:649d60504c352fe463b1b285\u0022,\u0022fromRule\u0022:false}","h":{"EventId":"5bc2d344-1c86-495c-befa-5bafba234d48","Timestamp":"2023-06-20T07:39:54Z","AggregateId":"4d184d5a-f661-48c9-b0d8-deabdf65ac13","CommitId":"73985033-7758-4c33-ae38-27ad73888a96","EventNumber":"1688119085-4-0-1","EventStreamNumber":3,"Restored":true}},"streamName":null,"eventPosition":null,"eventStreamNumber":0,"data":null}