{"n":{"t":"SchemaUpdatedEvent","s":"schema-4d184d5a-f661-48c9-b0d8-deabdf65ac13--53340555-7978-4d83-956b-02118dd32e62","p":"{\u0022properties\u0022:{\u0022tags\u0022:null,\u0022contentsSidebarUrl\u0022:null,\u0022contentSidebarUrl\u0022:null,\u0022contentEditorUrl\u0022:null,\u0022validateOnPublish\u0022:false,\u0022label\u0022:\u0022Links \\u00DAteis\u0022,\u0022hints\u0022:null},\u0022schemaId\u0022:\u002253340555-7978-4d83-956b-02118dd32e62,links-uteis\u0022,\u0022appId\u0022:\u00224d184d5a-f661-48c9-b0d8-deabdf65ac13,portal-minfin\u0022,\u0022actor\u0022:\u0022subject:649d60504c352fe463b1b285\u0022,\u0022fromRule\u0022:false}","h":{"EventId":"a6700c3a-6241-449b-8a2f-494496eaa72d","Timestamp":"2023-06-30T14:18:08Z","AggregateId":"4d184d5a-f661-48c9-b0d8-deabdf65ac13--53340555-7978-4d83-956b-02118dd32e62","CommitId":"a8d510e2-dab3-4a46-975d-e18a5adf931b","EventNumber":"1688134688-1-0-1","EventStreamNumber":6}},"streamName":null,"eventPosition":null,"eventStreamNumber":0,"data":null}