{"n":{"t":"SchemaUpdatedEvent","s":"schema-4d184d5a-f661-48c9-b0d8-deabdf65ac13--cb82068b-e3ed-4656-bbe2-a9f9c105c0de","p":"{\u0022properties\u0022:{\u0022tags\u0022:null,\u0022contentsSidebarUrl\u0022:null,\u0022contentSidebarUrl\u0022:null,\u0022contentEditorUrl\u0022:null,\u0022validateOnPublish\u0022:false,\u0022label\u0022:\u0022Slide\u0022,\u0022hints\u0022:null},\u0022schemaId\u0022:\u0022cb82068b-e3ed-4656-bbe2-a9f9c105c0de,slide\u0022,\u0022appId\u0022:\u00224d184d5a-f661-48c9-b0d8-deabdf65ac13,portal-minfin\u0022,\u0022actor\u0022:\u0022subject:649d60504c352fe463b1b285\u0022,\u0022fromRule\u0022:false}","h":{"EventId":"618fe3c0-a677-47b3-9a17-b93a77a284f4","Timestamp":"2023-06-30T14:19:12Z","AggregateId":"4d184d5a-f661-48c9-b0d8-deabdf65ac13--cb82068b-e3ed-4656-bbe2-a9f9c105c0de","CommitId":"6cce5379-6d0f-4796-b748-76c426bedf09","EventNumber":"1688134752-1-0-1","EventStreamNumber":4}},"streamName":null,"eventPosition":null,"eventStreamNumber":0,"data":null}