{"n":{"t":"SchemaUpdatedEvent","s":"schema-4d184d5a-f661-48c9-b0d8-deabdf65ac13--d0fef219-6f52-49fd-b111-a16444195e14","p":"{\u0022properties\u0022:{\u0022tags\u0022:null,\u0022contentsSidebarUrl\u0022:null,\u0022contentSidebarUrl\u0022:null,\u0022contentEditorUrl\u0022:null,\u0022validateOnPublish\u0022:false,\u0022label\u0022:\u0022Banner\u0022,\u0022hints\u0022:null},\u0022schemaId\u0022:\u0022d0fef219-6f52-49fd-b111-a16444195e14,banner\u0022,\u0022appId\u0022:\u00224d184d5a-f661-48c9-b0d8-deabdf65ac13,portal-minfin\u0022,\u0022actor\u0022:\u0022subject:649d60504c352fe463b1b285\u0022,\u0022fromRule\u0022:false}","h":{"EventId":"5da23187-9f9f-4998-9128-6addc189ff2e","Timestamp":"2023-06-30T14:19:30Z","AggregateId":"4d184d5a-f661-48c9-b0d8-deabdf65ac13--d0fef219-6f52-49fd-b111-a16444195e14","CommitId":"f6d718a8-d278-4573-b8dc-f6c45aa96670","EventNumber":"1688134770-1-0-1","EventStreamNumber":28}},"streamName":null,"eventPosition":null,"eventStreamNumber":0,"data":null}