{"n":{"t":"ContentCreatedEventV2","s":"content-4d184d5a-f661-48c9-b0d8-deabdf65ac13--ec40b985-83f0-41d1-ae1e-d69f1b637414","p":"{\u0022status\u0022:\u0022Draft\u0022,\u0022data\u0022:{\u0022slug\u0022:{\u0022pt\u0022:null,\u0022en\u0022:null},\u0022titulo\u0022:{\u0022pt\u0022:\u0022Ministra das Finan\\u00E7as exorta acionistas das institui\\u00E7\\u00F5es financeiras.\u0022,\u0022en\u0022:null},\u0022descricao\u0022:{\u0022pt\u0022:\u0022\\u003Cp\\u003EA Ministra das Finan\\u0026ccedil;as, Vera Daves de Sousa, exortou, nesta quarta-feira, 22, os accionistas das institui\\u0026ccedil;\\u0026otilde;es financeiras, de uma maneira geral, a n\\u0026atilde;o terem qualquer receio de apostar em mulheres para os \\u0026oacute;rg\\u0026atilde;os de gest\\u0026atilde;o.\\u003C/p\\u003E\u0022,\u0022en\u0022:null},\u0022sumario\u0022:{\u0022pt\u0022:\u0022A Ministra das Finan\\u00E7as, Vera Daves de Sousa, exortou, nesta quarta-feira, 22.\u0022,\u0022en\u0022:null},\u0022imagem\u0022:{\u0022iv\u0022:[\u00229af72c26-9d43-4e11-a6c8-f234b1eaeb56\u0022]},\u0022publicado\u0022:{\u0022iv\u0022:null},\u0022data-publicacao\u0022:{\u0022iv\u0022:null},\u0022data-final\u0022:{\u0022iv\u0022:null},\u0022fonte\u0022:{\u0022iv\u0022:null},\u0022destaque\u0022:{\u0022iv\u0022:null}},\u0022contentId\u0022:\u0022ec40b985-83f0-41d1-ae1e-d69f1b637414\u0022,\u0022schemaId\u0022:\u002249c92843-7c87-4e06-945b-e699e958aca4,news\u0022,\u0022appId\u0022:\u00224d184d5a-f661-48c9-b0d8-deabdf65ac13,portal-minfin\u0022,\u0022actor\u0022:\u0022subject:649d60504c352fe463b1b285\u0022,\u0022fromRule\u0022:false}","h":{"EventId":"63260720-f72e-46d2-a2be-6c8ea4fc872f","Timestamp":"2023-06-30T14:30:16Z","AggregateId":"4d184d5a-f661-48c9-b0d8-deabdf65ac13--ec40b985-83f0-41d1-ae1e-d69f1b637414","CommitId":"1de98c93-666c-449f-a62f-6646121a610b","EventNumber":"1688135416-1-0-2","EventStreamNumber":0}},"streamName":null,"eventPosition":null,"eventStreamNumber":0,"data":null}