{"n":{"t":"ContentCreatedEventV2","s":"content-4d184d5a-f661-48c9-b0d8-deabdf65ac13--b4c61257-7a87-4c44-945e-b6212e4cf967","p":"{\u0022status\u0022:\u0022Draft\u0022,\u0022data\u0022:{\u0022slug\u0022:{\u0022pt\u0022:null,\u0022en\u0022:null},\u0022titulo\u0022:{\u0022pt\u0022:\u0022\\u201CA Mulher \\u00E9 a base de uma sociedade\\u201D\u0022,\u0022en\u0022:null},\u0022descricao\u0022:{\u0022pt\u0022:\u0022\\u003Cp\\u003EOttoniel dos Santos, a quem coube a responsabilidade de encerrar o evento em celebra\\u0026ccedil;\\u0026atilde;o da mulher, denominado \\u0022Mulheres, Neg\\u0026oacute;cios e o Mercado de Capitais\\u0022, organizado pela Comiss\\u0026atilde;o de Mercado de Capitais (CMC), disse ainda que a independ\\u0026ecirc;ncia financeira das fam\\u0026iacute;lias depende do envolvimento das Senhoras e que muitas destas com cargos de lideran\\u0026ccedil;a\\u003C/p\\u003E\u0022,\u0022en\u0022:null},\u0022sumario\u0022:{\u0022pt\u0022:\u0022Ottoniel dos Santos, a quem coube a responsabilidade de encerrar o evento em celebra\\u00E7\\u00E3o da mulher.\u0022,\u0022en\u0022:null},\u0022imagem\u0022:{\u0022iv\u0022:[\u0022590345d0-edf6-4321-b914-44f16b177aff\u0022]},\u0022publicado\u0022:{\u0022iv\u0022:null},\u0022data-publicacao\u0022:{\u0022iv\u0022:\u00222023-06-30T14:31:09Z\u0022},\u0022data-final\u0022:{\u0022iv\u0022:\u00222023-07-14T14:31:17Z\u0022},\u0022fonte\u0022:{\u0022iv\u0022:\u0022MINFIN\u0022},\u0022destaque\u0022:{\u0022iv\u0022:null}},\u0022contentId\u0022:\u0022b4c61257-7a87-4c44-945e-b6212e4cf967\u0022,\u0022schemaId\u0022:\u002249c92843-7c87-4e06-945b-e699e958aca4,news\u0022,\u0022appId\u0022:\u00224d184d5a-f661-48c9-b0d8-deabdf65ac13,portal-minfin\u0022,\u0022actor\u0022:\u0022subject:649d60504c352fe463b1b285\u0022,\u0022fromRule\u0022:false}","h":{"EventId":"7e69e1fa-d2ce-4b8c-baad-52a47f71e3cf","Timestamp":"2023-06-30T14:31:31Z","AggregateId":"4d184d5a-f661-48c9-b0d8-deabdf65ac13--b4c61257-7a87-4c44-945e-b6212e4cf967","CommitId":"4cec1b5d-4d51-49da-bf9a-cfae292cbf8c","EventNumber":"1688135491-1-0-2","EventStreamNumber":0}},"streamName":null,"eventPosition":null,"eventStreamNumber":0,"data":null}