{"n":{"t":"ContentUpdatedEvent","s":"content-4d184d5a-f661-48c9-b0d8-deabdf65ac13--ec40b985-83f0-41d1-ae1e-d69f1b637414","p":"{\u0022data\u0022:{\u0022slug\u0022:{\u0022pt\u0022:null,\u0022en\u0022:null},\u0022titulo\u0022:{\u0022pt\u0022:\u0022Ministra das Finan\\u00E7as exorta acionistas das institui\\u00E7\\u00F5es financeiras.\u0022,\u0022en\u0022:null},\u0022descricao\u0022:{\u0022pt\u0022:\u0022\\u003Cp\\u003EA Ministra das Finan\\u0026ccedil;as, Vera Daves de Sousa, exortou, nesta quarta-feira, 22, os accionistas das institui\\u0026ccedil;\\u0026otilde;es financeiras, de uma maneira geral, a n\\u0026atilde;o terem qualquer receio de apostar em mulheres para os \\u0026oacute;rg\\u0026atilde;os de gest\\u0026atilde;o.\\u003C/p\\u003E\u0022,\u0022en\u0022:null},\u0022sumario\u0022:{\u0022pt\u0022:\u0022A Ministra das Finan\\u00E7as, Vera Daves de Sousa, exortou, nesta quarta-feira, 22.\u0022,\u0022en\u0022:null},\u0022imagem\u0022:{\u0022iv\u0022:[\u00229af72c26-9d43-4e11-a6c8-f234b1eaeb56\u0022]},\u0022publicado\u0022:{\u0022iv\u0022:null},\u0022data-publicacao\u0022:{\u0022iv\u0022:\u00222023-06-30T14:31:38Z\u0022},\u0022data-final\u0022:{\u0022iv\u0022:\u00222023-07-05T14:31:40Z\u0022},\u0022fonte\u0022:{\u0022iv\u0022:\u0022MINFIN\u0022},\u0022destaque\u0022:{\u0022iv\u0022:null}},\u0022newVersion\u0022:false,\u0022contentId\u0022:\u0022ec40b985-83f0-41d1-ae1e-d69f1b637414\u0022,\u0022schemaId\u0022:\u002249c92843-7c87-4e06-945b-e699e958aca4,news\u0022,\u0022appId\u0022:\u00224d184d5a-f661-48c9-b0d8-deabdf65ac13,portal-minfin\u0022,\u0022actor\u0022:\u0022subject:649d60504c352fe463b1b285\u0022,\u0022fromRule\u0022:false}","h":{"EventId":"59cd387a-540e-431a-a668-36eeea80591d","Timestamp":"2023-06-30T14:31:48Z","AggregateId":"4d184d5a-f661-48c9-b0d8-deabdf65ac13--ec40b985-83f0-41d1-ae1e-d69f1b637414","CommitId":"8a0998d0-2f62-471e-b6bd-20345b0db8da","EventNumber":"1688135508-1-0-1","EventStreamNumber":2}},"streamName":null,"eventPosition":null,"eventStreamNumber":0,"data":null}