{"n":{"t":"ContentUpdatedEvent","s":"content-4d184d5a-f661-48c9-b0d8-deabdf65ac13--7435b317-127c-451d-9bb5-0a34f24d675b","p":"{\u0022data\u0022:{\u0022descricao\u0022:{\u0022iv\u0022:\u0022Transformar o Minist\\u00E9rio das Finan\\u00E7as num \\u00F3rg\\u00E3o nuclear de um sistema de Finan\\u00E7as P\\u00FAblicas alicer\\u00E7ado numa base tribut\\u00E1ria alargada e diversificada, eficaz e pouco vulner\\u00E1vel a choques econ\\u00F3micos negativos.\u0022},\u0022imagem\u0022:{\u0022iv\u0022:[\u0022898493be-b0d9-47a7-836e-63fa49b8eab9\u0022]}},\u0022newVersion\u0022:false,\u0022contentId\u0022:\u00227435b317-127c-451d-9bb5-0a34f24d675b\u0022,\u0022schemaId\u0022:\u00227d101b48-06a6-4017-8cd8-b9d1bbf71520,visao\u0022,\u0022appId\u0022:\u00224d184d5a-f661-48c9-b0d8-deabdf65ac13,portal-minfin\u0022,\u0022actor\u0022:\u0022subject:649d60504c352fe463b1b285\u0022,\u0022fromRule\u0022:false}","h":{"EventId":"10285fe6-3b7a-46e9-b253-9a913fe6e552","Timestamp":"2023-07-05T13:27:55Z","AggregateId":"4d184d5a-f661-48c9-b0d8-deabdf65ac13--7435b317-127c-451d-9bb5-0a34f24d675b","CommitId":"234e9dc4-44bd-4d0a-be2c-48e83d4c872a","EventNumber":"1688563675-1-0-1","EventStreamNumber":2}},"streamName":null,"eventPosition":null,"eventStreamNumber":0,"data":null}