{"n":{"t":"ContentStatusChangedEventV2","s":"content-4d184d5a-f661-48c9-b0d8-deabdf65ac13--827bd24f-8d9c-4d7d-ba1d-c219a3fce3a7","p":"{\u0022change\u0022:\u0022Published\u0022,\u0022status\u0022:\u0022Published\u0022,\u0022newVersion\u0022:false,\u0022contentId\u0022:\u0022827bd24f-8d9c-4d7d-ba1d-c219a3fce3a7\u0022,\u0022schemaId\u0022:\u002249c92843-7c87-4e06-945b-e699e958aca4,news\u0022,\u0022appId\u0022:\u00224d184d5a-f661-48c9-b0d8-deabdf65ac13,portal-minfin\u0022,\u0022actor\u0022:\u0022subject:649d60504c352fe463b1b285\u0022,\u0022fromRule\u0022:false}","h":{"EventId":"c8725b8b-0843-4502-8c74-892555cf7d2c","Timestamp":"2023-06-21T08:52:29Z","AggregateId":"4d184d5a-f661-48c9-b0d8-deabdf65ac13--827bd24f-8d9c-4d7d-ba1d-c219a3fce3a7","CommitId":"709988b0-b43c-494e-98b7-a36c8afbf2bd","EventNumber":"1688119085-37-0-1","EventStreamNumber":1,"Restored":true}},"streamName":null,"eventPosition":null,"eventStreamNumber":0,"data":null}