{"n":{"t":"AppClientAttachedEvent","s":"app-4d184d5a-f661-48c9-b0d8-deabdf65ac13","p":"{\u0022id\u0022:\u0022website\u0022,\u0022secret\u0022:\u0022uu97ljkivxcz2dszpex5xxxjhcvsabbdavisxbpdwqix\u0022,\u0022role\u0022:null,\u0022appId\u0022:\u00224d184d5a-f661-48c9-b0d8-deabdf65ac13,portal-minfin\u0022,\u0022actor\u0022:\u0022subject:649d60504c352fe463b1b285\u0022,\u0022fromRule\u0022:false}","h":{"EventId":"2edb0a21-1746-463a-829a-24d1181c41ed","Timestamp":"2023-06-21T08:59:42Z","AggregateId":"4d184d5a-f661-48c9-b0d8-deabdf65ac13","CommitId":"6b1c3d86-220a-4905-a952-1dd6f4195ebd","EventNumber":"1688119085-38-0-1","EventStreamNumber":17,"Restored":true}},"streamName":null,"eventPosition":null,"eventStreamNumber":0,"data":null}