{"n":{"t":"AppClientUpdatedEventV2","s":"app-4d184d5a-f661-48c9-b0d8-deabdf65ac13","p":"{\u0022id\u0022:\u0022website\u0022,\u0022name\u0022:null,\u0022role\u0022:\u0022Reader\u0022,\u0022apiCallsLimit\u0022:null,\u0022apiTrafficLimit\u0022:null,\u0022allowAnonymous\u0022:null,\u0022appId\u0022:\u00224d184d5a-f661-48c9-b0d8-deabdf65ac13,portal-minfin\u0022,\u0022actor\u0022:\u0022subject:649d60504c352fe463b1b285\u0022,\u0022fromRule\u0022:false}","h":{"EventId":"e711ea1c-d294-4bed-9431-6edf2aa94718","Timestamp":"2023-06-21T08:59:48Z","AggregateId":"4d184d5a-f661-48c9-b0d8-deabdf65ac13","CommitId":"c441766c-8238-4df2-a45a-f9961d221f6e","EventNumber":"1688119085-39-0-1","EventStreamNumber":18,"Restored":true}},"streamName":null,"eventPosition":null,"eventStreamNumber":0,"data":null}