{"n":{"t":"AppClientUpdatedEventV2","s":"app-4d184d5a-f661-48c9-b0d8-deabdf65ac13","p":"{\u0022id\u0022:\u0022website\u0022,\u0022name\u0022:null,\u0022role\u0022:null,\u0022apiCallsLimit\u0022:null,\u0022apiTrafficLimit\u0022:null,\u0022allowAnonymous\u0022:true,\u0022appId\u0022:\u00224d184d5a-f661-48c9-b0d8-deabdf65ac13,portal-minfin\u0022,\u0022actor\u0022:\u0022subject:649d60504c352fe463b1b285\u0022,\u0022fromRule\u0022:false}","h":{"EventId":"e4c6c8ed-a643-4b8e-9c60-247505f39798","Timestamp":"2023-06-21T08:59:51Z","AggregateId":"4d184d5a-f661-48c9-b0d8-deabdf65ac13","CommitId":"9e13ff69-9a28-4abc-aabc-acbe5a613fe7","EventNumber":"1688119085-40-0-1","EventStreamNumber":19,"Restored":true}},"streamName":null,"eventPosition":null,"eventStreamNumber":0,"data":null}