{"n":{"t":"AppLanguageAddedEvent","s":"app-4d184d5a-f661-48c9-b0d8-deabdf65ac13","p":"{\u0022language\u0022:\u0022pt\u0022,\u0022appId\u0022:\u00224d184d5a-f661-48c9-b0d8-deabdf65ac13,portal-minfin\u0022,\u0022actor\u0022:\u0022subject:649d60504c352fe463b1b285\u0022,\u0022fromRule\u0022:false}","h":{"EventId":"e2c4017f-5665-4ade-824c-ac4ec10a8aab","Timestamp":"2023-06-21T09:01:04Z","AggregateId":"4d184d5a-f661-48c9-b0d8-deabdf65ac13","CommitId":"b6e4f69f-d92e-47b5-bed3-44dcb3eaea75","EventNumber":"1688119085-41-0-1","EventStreamNumber":20,"Restored":true}},"streamName":null,"eventPosition":null,"eventStreamNumber":0,"data":null}