{"n":{"t":"AppLanguageUpdated","s":"app-4d184d5a-f661-48c9-b0d8-deabdf65ac13","p":"{\u0022language\u0022:\u0022pt\u0022,\u0022isOptional\u0022:true,\u0022isMaster\u0022:false,\u0022fallback\u0022:[],\u0022appId\u0022:\u00224d184d5a-f661-48c9-b0d8-deabdf65ac13,portal-minfin\u0022,\u0022actor\u0022:\u0022subject:649d60504c352fe463b1b285\u0022,\u0022fromRule\u0022:false}","h":{"EventId":"2cceeb99-8eed-437e-9996-05fdb8b5cfb5","Timestamp":"2023-06-21T09:01:13Z","AggregateId":"4d184d5a-f661-48c9-b0d8-deabdf65ac13","CommitId":"d01e9f30-a470-4269-9421-2c61fb6440ad","EventNumber":"1688119085-42-0-1","EventStreamNumber":21,"Restored":true}},"streamName":null,"eventPosition":null,"eventStreamNumber":0,"data":null}