{"n":{"t":"AppContributorAssignedEventV2","s":"app-4d184d5a-f661-48c9-b0d8-deabdf65ac13","p":"{\u0022contributorId\u0022:\u0022649ea72ca73a6ab44d486e07\u0022,\u0022role\u0022:\u0022Developer\u0022,\u0022isCreated\u0022:false,\u0022isAdded\u0022:false,\u0022appId\u0022:\u00224d184d5a-f661-48c9-b0d8-deabdf65ac13,portal-minfin\u0022,\u0022actor\u0022:\u0022subject:649d60504c352fe463b1b285\u0022,\u0022fromRule\u0022:false}","h":{"EventId":"5b227de0-7111-4870-8667-2868cf83fe29","Timestamp":"2023-06-21T09:14:13Z","AggregateId":"4d184d5a-f661-48c9-b0d8-deabdf65ac13","CommitId":"5da0a47a-1d7d-460c-bbbf-1339877cf888","EventNumber":"1688119085-44-0-1","EventStreamNumber":23,"Restored":true}},"streamName":null,"eventPosition":null,"eventStreamNumber":0,"data":null}