{"n":{"t":"AppContributorAssignedEventV2","s":"app-4d184d5a-f661-48c9-b0d8-deabdf65ac13","p":"{\u0022contributorId\u0022:\u0022649ea72ca73a6ab44d486e08\u0022,\u0022role\u0022:\u0022Developer\u0022,\u0022isCreated\u0022:false,\u0022isAdded\u0022:true,\u0022appId\u0022:\u00224d184d5a-f661-48c9-b0d8-deabdf65ac13,portal-minfin\u0022,\u0022actor\u0022:\u0022subject:649d60504c352fe463b1b285\u0022,\u0022fromRule\u0022:false}","h":{"EventId":"9dbc9421-3d53-4865-a8d8-399f76695eba","Timestamp":"2023-06-20T08:03:10Z","AggregateId":"4d184d5a-f661-48c9-b0d8-deabdf65ac13","CommitId":"9639e68f-e22e-4d32-8d28-7e8a118fb9aa","EventNumber":"1688119085-6-0-1","EventStreamNumber":5,"Restored":true}},"streamName":null,"eventPosition":null,"eventStreamNumber":0,"data":null}