{"n":{"t":"FieldAddedEvent","s":"schema-4d184d5a-f661-48c9-b0d8-deabdf65ac13--fd3c19af-448f-4bea-b781-deaf0c65dff2","p":"{\u0022name\u0022:\u0022DataPublicacap\u0022,\u0022partitioning\u0022:\u0022invariant\u0022,\u0022properties\u0022:{\u0022$type\u0022:\u0022DateTimeField\u0022,\u0022defaultValues\u0022:null,\u0022defaultValue\u0022:null,\u0022maxValue\u0022:null,\u0022minValue\u0022:null,\u0022format\u0022:null,\u0022calculatedDefaultValue\u0022:null,\u0022editor\u0022:\u0022DateTime\u0022,\u0022isRequired\u0022:false,\u0022isRequiredOnPublish\u0022:false,\u0022isHalfWidth\u0022:false,\u0022placeholder\u0022:null,\u0022editorUrl\u0022:null,\u0022tags\u0022:null,\u0022label\u0022:null,\u0022hints\u0022:null},\u0022fieldId\u0022:\u00222,DataPublicacap\u0022,\u0022parentFieldId\u0022:null,\u0022schemaId\u0022:\u0022fd3c19af-448f-4bea-b781-deaf0c65dff2,legislacao\u0022,\u0022appId\u0022:\u00224d184d5a-f661-48c9-b0d8-deabdf65ac13,portal-minfin\u0022,\u0022actor\u0022:\u0022subject:649ea72ca73a6ab44d486e07\u0022,\u0022fromRule\u0022:false}","h":{"EventId":"af0eb1aa-1756-46a3-8aa7-f085a0ba2943","Timestamp":"2023-06-21T09:17:50Z","AggregateId":"4d184d5a-f661-48c9-b0d8-deabdf65ac13--fd3c19af-448f-4bea-b781-deaf0c65dff2","CommitId":"071838a8-4881-446c-9cdc-242c6588395e","EventNumber":"1688119085-52-0-1","EventStreamNumber":2,"Restored":true}},"streamName":null,"eventPosition":null,"eventStreamNumber":0,"data":null}