{"n":{"t":"FieldAddedEvent","s":"schema-4d184d5a-f661-48c9-b0d8-deabdf65ac13--fd3c19af-448f-4bea-b781-deaf0c65dff2","p":"{\u0022name\u0022:\u0022link-arquivo\u0022,\u0022partitioning\u0022:\u0022invariant\u0022,\u0022properties\u0022:{\u0022$type\u0022:\u0022ReferencesField\u0022,\u0022defaultValues\u0022:null,\u0022defaultValue\u0022:null,\u0022minItems\u0022:null,\u0022maxItems\u0022:null,\u0022resolveReference\u0022:false,\u0022allowDuplicates\u0022:false,\u0022mustBePublished\u0022:false,\u0022editor\u0022:\u0022List\u0022,\u0022schemaId\u0022:\u002200000000-0000-0000-0000-000000000000\u0022,\u0022schemaIds\u0022:null,\u0022isRequired\u0022:false,\u0022isRequiredOnPublish\u0022:false,\u0022isHalfWidth\u0022:false,\u0022placeholder\u0022:null,\u0022editorUrl\u0022:null,\u0022tags\u0022:null,\u0022label\u0022:null,\u0022hints\u0022:null},\u0022fieldId\u0022:\u00224,link-arquivo\u0022,\u0022parentFieldId\u0022:null,\u0022schemaId\u0022:\u0022fd3c19af-448f-4bea-b781-deaf0c65dff2,legislacao\u0022,\u0022appId\u0022:\u00224d184d5a-f661-48c9-b0d8-deabdf65ac13,portal-minfin\u0022,\u0022actor\u0022:\u0022subject:649ea72ca73a6ab44d486e07\u0022,\u0022fromRule\u0022:false}","h":{"EventId":"cdd9f69e-1c83-47e2-ae60-e4a7fd1d67ed","Timestamp":"2023-06-21T09:18:46Z","AggregateId":"4d184d5a-f661-48c9-b0d8-deabdf65ac13--fd3c19af-448f-4bea-b781-deaf0c65dff2","CommitId":"e0fc4e18-4430-4ccf-a4b9-d54cf5902056","EventNumber":"1688119085-55-0-1","EventStreamNumber":4,"Restored":true}},"streamName":null,"eventPosition":null,"eventStreamNumber":0,"data":null}