{"n":{"t":"FieldDeletedEvent","s":"schema-4d184d5a-f661-48c9-b0d8-deabdf65ac13--fd3c19af-448f-4bea-b781-deaf0c65dff2","p":"{\u0022fieldId\u0022:\u00222,DataPublicacap\u0022,\u0022parentFieldId\u0022:null,\u0022schemaId\u0022:\u0022fd3c19af-448f-4bea-b781-deaf0c65dff2,legislacao\u0022,\u0022appId\u0022:\u00224d184d5a-f661-48c9-b0d8-deabdf65ac13,portal-minfin\u0022,\u0022actor\u0022:\u0022subject:649ea72ca73a6ab44d486e07\u0022,\u0022fromRule\u0022:false}","h":{"EventId":"c62113c3-7fa2-477c-be5c-5826b984d092","Timestamp":"2023-06-21T09:19:23Z","AggregateId":"4d184d5a-f661-48c9-b0d8-deabdf65ac13--fd3c19af-448f-4bea-b781-deaf0c65dff2","CommitId":"3cacdf7f-c6dd-4221-84a8-6d71fba19617","EventNumber":"1688119085-57-0-1","EventStreamNumber":5,"Restored":true}},"streamName":null,"eventPosition":null,"eventStreamNumber":0,"data":null}