{"n":{"t":"FieldUpdatedEvent","s":"schema-4d184d5a-f661-48c9-b0d8-deabdf65ac13--c1916fb0-e6bd-42ed-b9e7-7d234255e6ce","p":"{\u0022properties\u0022:{\u0022$type\u0022:\u0022DateTimeField\u0022,\u0022defaultValues\u0022:null,\u0022defaultValue\u0022:null,\u0022maxValue\u0022:null,\u0022minValue\u0022:null,\u0022format\u0022:null,\u0022calculatedDefaultValue\u0022:null,\u0022editor\u0022:\u0022DateTime\u0022,\u0022isRequired\u0022:true,\u0022isRequiredOnPublish\u0022:true,\u0022isHalfWidth\u0022:false,\u0022placeholder\u0022:null,\u0022editorUrl\u0022:null,\u0022tags\u0022:null,\u0022label\u0022:\u0022Data da Publica\\u00E7\\u00E3o\u0022,\u0022hints\u0022:\u0022\u0022},\u0022fieldId\u0022:\u00222,data-da-publicacao\u0022,\u0022parentFieldId\u0022:null,\u0022schemaId\u0022:\u0022c1916fb0-e6bd-42ed-b9e7-7d234255e6ce,servicos\u0022,\u0022appId\u0022:\u00224d184d5a-f661-48c9-b0d8-deabdf65ac13,portal-minfin\u0022,\u0022actor\u0022:\u0022subject:649ea72ca73a6ab44d486e08\u0022,\u0022fromRule\u0022:false}","h":{"EventId":"3ec17afe-1ddc-49b1-9c58-c006c57da495","Timestamp":"2023-06-21T09:19:53Z","AggregateId":"4d184d5a-f661-48c9-b0d8-deabdf65ac13--c1916fb0-e6bd-42ed-b9e7-7d234255e6ce","CommitId":"867c07ab-8dab-4538-b704-6452ab2b7a88","EventNumber":"1688119085-59-0-1","EventStreamNumber":7,"Restored":true}},"streamName":null,"eventPosition":null,"eventStreamNumber":0,"data":null}