{"n":{"t":"AppContributorAssignedEventV2","s":"app-4d184d5a-f661-48c9-b0d8-deabdf65ac13","p":"{\u0022contributorId\u0022:\u0022649ea72ca73a6ab44d486e07\u0022,\u0022role\u0022:\u0022Editor\u0022,\u0022isCreated\u0022:false,\u0022isAdded\u0022:false,\u0022appId\u0022:\u00224d184d5a-f661-48c9-b0d8-deabdf65ac13,portal-minfin\u0022,\u0022actor\u0022:\u0022subject:649d60504c352fe463b1b285\u0022,\u0022fromRule\u0022:false}","h":{"EventId":"55e67afb-c04a-4dc5-a104-538aaad67bb2","Timestamp":"2023-06-20T08:11:21Z","AggregateId":"4d184d5a-f661-48c9-b0d8-deabdf65ac13","CommitId":"4a07fa03-cca5-496f-88f3-d035f3cfb0f4","EventNumber":"1688119085-7-0-1","EventStreamNumber":6,"Restored":true}},"streamName":null,"eventPosition":null,"eventStreamNumber":0,"data":null}