{"n":{"t":"SchemaFieldsReorderedEvent","s":"schema-4d184d5a-f661-48c9-b0d8-deabdf65ac13--fd3c19af-448f-4bea-b781-deaf0c65dff2","p":"{\u0022fieldIds\u0022:[1,3,5,4],\u0022parentFieldId\u0022:null,\u0022schemaId\u0022:\u0022fd3c19af-448f-4bea-b781-deaf0c65dff2,legislacao\u0022,\u0022appId\u0022:\u00224d184d5a-f661-48c9-b0d8-deabdf65ac13,portal-minfin\u0022,\u0022actor\u0022:\u0022subject:649ea72ca73a6ab44d486e07\u0022,\u0022fromRule\u0022:false}","h":{"EventId":"24c5bdba-93f2-4e5c-9a68-38d087dd5405","Timestamp":"2023-06-21T09:20:58Z","AggregateId":"4d184d5a-f661-48c9-b0d8-deabdf65ac13--fd3c19af-448f-4bea-b781-deaf0c65dff2","CommitId":"31671c45-6f08-4b67-8182-80f2aece6340","EventNumber":"1688119085-63-0-1","EventStreamNumber":9,"Restored":true}},"streamName":null,"eventPosition":null,"eventStreamNumber":0,"data":null}