{"n":{"t":"FieldUpdatedEvent","s":"schema-4d184d5a-f661-48c9-b0d8-deabdf65ac13--c1916fb0-e6bd-42ed-b9e7-7d234255e6ce","p":"{\u0022properties\u0022:{\u0022$type\u0022:\u0022ReferencesField\u0022,\u0022defaultValues\u0022:null,\u0022defaultValue\u0022:null,\u0022minItems\u0022:null,\u0022maxItems\u0022:null,\u0022resolveReference\u0022:false,\u0022allowDuplicates\u0022:false,\u0022mustBePublished\u0022:false,\u0022editor\u0022:\u0022List\u0022,\u0022schemaId\u0022:\u002200000000-0000-0000-0000-000000000000\u0022,\u0022schemaIds\u0022:null,\u0022isRequired\u0022:true,\u0022isRequiredOnPublish\u0022:true,\u0022isHalfWidth\u0022:false,\u0022placeholder\u0022:null,\u0022editorUrl\u0022:null,\u0022tags\u0022:null,\u0022label\u0022:\u0022Link\u0022,\u0022hints\u0022:null},\u0022fieldId\u0022:\u00224,link\u0022,\u0022parentFieldId\u0022:null,\u0022schemaId\u0022:\u0022c1916fb0-e6bd-42ed-b9e7-7d234255e6ce,servicos\u0022,\u0022appId\u0022:\u00224d184d5a-f661-48c9-b0d8-deabdf65ac13,portal-minfin\u0022,\u0022actor\u0022:\u0022subject:649ea72ca73a6ab44d486e08\u0022,\u0022fromRule\u0022:false}","h":{"EventId":"c0336f8d-97e7-4893-a34d-f93dec8f7c46","Timestamp":"2023-06-21T09:21:36Z","AggregateId":"4d184d5a-f661-48c9-b0d8-deabdf65ac13--c1916fb0-e6bd-42ed-b9e7-7d234255e6ce","CommitId":"4f6fb89e-ee00-4d5c-ae71-9425b30bdfcd","EventNumber":"1688119085-65-0-1","EventStreamNumber":10,"Restored":true}},"streamName":null,"eventPosition":null,"eventStreamNumber":0,"data":null}