{"n":{"t":"SchemaPublishedEvent","s":"schema-4d184d5a-f661-48c9-b0d8-deabdf65ac13--c1916fb0-e6bd-42ed-b9e7-7d234255e6ce","p":"{\u0022schemaId\u0022:\u0022c1916fb0-e6bd-42ed-b9e7-7d234255e6ce,servicos\u0022,\u0022appId\u0022:\u00224d184d5a-f661-48c9-b0d8-deabdf65ac13,portal-minfin\u0022,\u0022actor\u0022:\u0022subject:649ea72ca73a6ab44d486e08\u0022,\u0022fromRule\u0022:false}","h":{"EventId":"5095bbf4-5a1b-483c-9024-5de89c7dda5f","Timestamp":"2023-06-21T09:21:37Z","AggregateId":"4d184d5a-f661-48c9-b0d8-deabdf65ac13--c1916fb0-e6bd-42ed-b9e7-7d234255e6ce","CommitId":"194a27b8-8608-42ae-98f9-ce8021797537","EventNumber":"1688119085-66-0-1","EventStreamNumber":11,"Restored":true}},"streamName":null,"eventPosition":null,"eventStreamNumber":0,"data":null}