{"n":{"t":"AppRoleAddedEvent","s":"app-4d184d5a-f661-48c9-b0d8-deabdf65ac13","p":"{\u0022name\u0022:\u0022Redator\u0022,\u0022appId\u0022:\u00224d184d5a-f661-48c9-b0d8-deabdf65ac13,portal-minfin\u0022,\u0022actor\u0022:\u0022subject:649d60504c352fe463b1b285\u0022,\u0022fromRule\u0022:false}","h":{"EventId":"cd61a69a-e9cf-467b-bc70-c8848db6d5b0","Timestamp":"2023-06-20T08:14:28Z","AggregateId":"4d184d5a-f661-48c9-b0d8-deabdf65ac13","CommitId":"be5290a8-287d-4daa-bb9e-ecdd6cc80a41","EventNumber":"1688119085-8-0-1","EventStreamNumber":7,"Restored":true}},"streamName":null,"eventPosition":null,"eventStreamNumber":0,"data":null}