{"n":{"t":"ContentStatusChangedEventV2","s":"content-4d184d5a-f661-48c9-b0d8-deabdf65ac13--970f3359-7063-4982-8d12-a6afa924eaab","p":"{\u0022change\u0022:\u0022Published\u0022,\u0022status\u0022:\u0022Published\u0022,\u0022newVersion\u0022:false,\u0022contentId\u0022:\u0022970f3359-7063-4982-8d12-a6afa924eaab\u0022,\u0022schemaId\u0022:\u0022fd3c19af-448f-4bea-b781-deaf0c65dff2,legislacao\u0022,\u0022appId\u0022:\u00224d184d5a-f661-48c9-b0d8-deabdf65ac13,portal-minfin\u0022,\u0022actor\u0022:\u0022subject:649ea72ca73a6ab44d486e07\u0022,\u0022fromRule\u0022:false}","h":{"EventId":"583b7bca-3521-4b7d-a4d0-6931d1cd1da4","Timestamp":"2023-06-21T09:34:08Z","AggregateId":"4d184d5a-f661-48c9-b0d8-deabdf65ac13--970f3359-7063-4982-8d12-a6afa924eaab","CommitId":"627584e5-9f66-43f7-9a70-f2c1b20dd814","EventNumber":"1688119085-73-0-1","EventStreamNumber":1,"Restored":true}},"streamName":null,"eventPosition":null,"eventStreamNumber":0,"data":null}