{"n":{"t":"ContentStatusChangedEventV2","s":"content-4d184d5a-f661-48c9-b0d8-deabdf65ac13--a710f66d-42ff-4cea-a640-f506d783bf8d","p":"{\u0022change\u0022:\u0022Published\u0022,\u0022status\u0022:\u0022Published\u0022,\u0022newVersion\u0022:false,\u0022contentId\u0022:\u0022a710f66d-42ff-4cea-a640-f506d783bf8d\u0022,\u0022schemaId\u0022:\u002249c92843-7c87-4e06-945b-e699e958aca4,news\u0022,\u0022appId\u0022:\u00224d184d5a-f661-48c9-b0d8-deabdf65ac13,portal-minfin\u0022,\u0022actor\u0022:\u0022subject:649d60504c352fe463b1b285\u0022,\u0022fromRule\u0022:false}","h":{"EventId":"047f3880-a2fb-4c14-843e-a669dcdbc1e0","Timestamp":"2023-06-21T09:41:18Z","AggregateId":"4d184d5a-f661-48c9-b0d8-deabdf65ac13--a710f66d-42ff-4cea-a640-f506d783bf8d","CommitId":"c5799f65-8b84-4bb2-b8bd-6c975eb4b2c8","EventNumber":"1688119085-76-0-1","EventStreamNumber":1,"Restored":true}},"streamName":null,"eventPosition":null,"eventStreamNumber":0,"data":null}