{"n":{"t":"FieldDeletedEvent","s":"schema-4d184d5a-f661-48c9-b0d8-deabdf65ac13--c1916fb0-e6bd-42ed-b9e7-7d234255e6ce","p":"{\u0022fieldId\u0022:\u00221,Titulo\u0022,\u0022parentFieldId\u0022:null,\u0022schemaId\u0022:\u0022c1916fb0-e6bd-42ed-b9e7-7d234255e6ce,servicos\u0022,\u0022appId\u0022:\u00224d184d5a-f661-48c9-b0d8-deabdf65ac13,portal-minfin\u0022,\u0022actor\u0022:\u0022subject:649ea72ca73a6ab44d486e08\u0022,\u0022fromRule\u0022:false}","h":{"EventId":"ef3de6ed-a06a-4e9a-b6a3-e6c0bbf5abf2","Timestamp":"2023-06-21T09:47:54Z","AggregateId":"4d184d5a-f661-48c9-b0d8-deabdf65ac13--c1916fb0-e6bd-42ed-b9e7-7d234255e6ce","CommitId":"b1fcc4ad-a93b-4914-80ad-4a7c3e0a8d49","EventNumber":"1688119085-78-0-1","EventStreamNumber":13,"Restored":true}},"streamName":null,"eventPosition":null,"eventStreamNumber":0,"data":null}