{"n":{"t":"AppRoleUpdatedEvent","s":"app-4d184d5a-f661-48c9-b0d8-deabdf65ac13","p":"{\u0022name\u0022:\u0022Redator\u0022,\u0022permissions\u0022:[\u0022assets.*\u0022,\u0022contents.*\u0022],\u0022properties\u0022:{},\u0022appId\u0022:\u00224d184d5a-f661-48c9-b0d8-deabdf65ac13,portal-minfin\u0022,\u0022actor\u0022:\u0022subject:649d60504c352fe463b1b285\u0022,\u0022fromRule\u0022:false}","h":{"EventId":"e759ccdf-024b-4369-a550-539e43e849d6","Timestamp":"2023-06-20T08:15:21Z","AggregateId":"4d184d5a-f661-48c9-b0d8-deabdf65ac13","CommitId":"76f9593c-be08-4a23-a11f-495cd0a1e634","EventNumber":"1688119085-9-0-1","EventStreamNumber":8,"Restored":true}},"streamName":null,"eventPosition":null,"eventStreamNumber":0,"data":null}