{"n":{"t":"SchemaFieldsReorderedEvent","s":"schema-4d184d5a-f661-48c9-b0d8-deabdf65ac13--c1916fb0-e6bd-42ed-b9e7-7d234255e6ce","p":"{\u0022fieldIds\u0022:[5,6,3,4],\u0022parentFieldId\u0022:null,\u0022schemaId\u0022:\u0022c1916fb0-e6bd-42ed-b9e7-7d234255e6ce,servicos\u0022,\u0022appId\u0022:\u00224d184d5a-f661-48c9-b0d8-deabdf65ac13,portal-minfin\u0022,\u0022actor\u0022:\u0022subject:649ea72ca73a6ab44d486e08\u0022,\u0022fromRule\u0022:false}","h":{"EventId":"4a3d23df-c878-4fbb-bcd7-99510873c918","Timestamp":"2023-06-21T09:50:50Z","AggregateId":"4d184d5a-f661-48c9-b0d8-deabdf65ac13--c1916fb0-e6bd-42ed-b9e7-7d234255e6ce","CommitId":"8f3917a4-a891-44fa-b713-6d6f87e15bd1","EventNumber":"1688119085-84-0-1","EventStreamNumber":19,"Restored":true}},"streamName":null,"eventPosition":null,"eventStreamNumber":0,"data":null}