{"n":{"t":"FieldDeletedEvent","s":"schema-4d184d5a-f661-48c9-b0d8-deabdf65ac13--c1916fb0-e6bd-42ed-b9e7-7d234255e6ce","p":"{\u0022fieldId\u0022:\u00225,titulo\u0022,\u0022parentFieldId\u0022:null,\u0022schemaId\u0022:\u0022c1916fb0-e6bd-42ed-b9e7-7d234255e6ce,servicos\u0022,\u0022appId\u0022:\u00224d184d5a-f661-48c9-b0d8-deabdf65ac13,portal-minfin\u0022,\u0022actor\u0022:\u0022subject:649ea72ca73a6ab44d486e08\u0022,\u0022fromRule\u0022:false}","h":{"EventId":"ab090388-348f-411a-9e2c-dc8246201370","Timestamp":"2023-06-21T10:09:19Z","AggregateId":"4d184d5a-f661-48c9-b0d8-deabdf65ac13--c1916fb0-e6bd-42ed-b9e7-7d234255e6ce","CommitId":"f19fa5db-9e74-46b0-93e8-e2f94c1ced53","EventNumber":"1688119085-85-0-1","EventStreamNumber":20,"Restored":true}},"streamName":null,"eventPosition":null,"eventStreamNumber":0,"data":null}