{"n":{"t":"AppContributorAssignedEventV2","s":"app-4d184d5a-f661-48c9-b0d8-deabdf65ac13","p":"{\u0022contributorId\u0022:\u0022649ea72ca73a6ab44d486e06\u0022,\u0022role\u0022:\u0022Redator\u0022,\u0022isCreated\u0022:false,\u0022isAdded\u0022:false,\u0022appId\u0022:\u00224d184d5a-f661-48c9-b0d8-deabdf65ac13,portal-minfin\u0022,\u0022actor\u0022:\u0022subject:649d60504c352fe463b1b285\u0022,\u0022fromRule\u0022:false}","h":{"EventId":"5e86aa8a-a283-4979-accd-2b541fa67935","Timestamp":"2023-06-20T08:15:29Z","AggregateId":"4d184d5a-f661-48c9-b0d8-deabdf65ac13","CommitId":"34db5f42-cbf3-45d2-8db3-d86bf9ed4852","EventNumber":"1688119085-10-0-1","EventStreamNumber":9,"Restored":true}},"streamName":null,"eventPosition":null,"eventStreamNumber":0,"data":null}