{"n":{"t":"FieldDeletedEvent","s":"schema-4d184d5a-f661-48c9-b0d8-deabdf65ac13--c1916fb0-e6bd-42ed-b9e7-7d234255e6ce","p":"{\u0022fieldId\u0022:\u00228,descricao\u0022,\u0022parentFieldId\u0022:null,\u0022schemaId\u0022:\u0022c1916fb0-e6bd-42ed-b9e7-7d234255e6ce,servicos\u0022,\u0022appId\u0022:\u00224d184d5a-f661-48c9-b0d8-deabdf65ac13,portal-minfin\u0022,\u0022actor\u0022:\u0022subject:649ea72ca73a6ab44d486e08\u0022,\u0022fromRule\u0022:false}","h":{"EventId":"9cf902db-1fec-43e9-b27e-4a6d34dcf638","Timestamp":"2023-06-21T10:10:36Z","AggregateId":"4d184d5a-f661-48c9-b0d8-deabdf65ac13--c1916fb0-e6bd-42ed-b9e7-7d234255e6ce","CommitId":"44eeda51-216f-4bd2-8096-47cb1a07335f","EventNumber":"1688119085-92-0-1","EventStreamNumber":27,"Restored":true}},"streamName":null,"eventPosition":null,"eventStreamNumber":0,"data":null}