{"n":{"t":"FieldDeletedEvent","s":"schema-4d184d5a-f661-48c9-b0d8-deabdf65ac13--fd3c19af-448f-4bea-b781-deaf0c65dff2","p":"{\u0022fieldId\u0022:\u00225,data-publicacao\u0022,\u0022parentFieldId\u0022:null,\u0022schemaId\u0022:\u0022fd3c19af-448f-4bea-b781-deaf0c65dff2,legislacao\u0022,\u0022appId\u0022:\u00224d184d5a-f661-48c9-b0d8-deabdf65ac13,portal-minfin\u0022,\u0022actor\u0022:\u0022subject:649ea72ca73a6ab44d486e07\u0022,\u0022fromRule\u0022:false}","h":{"EventId":"7469b60a-b7c1-436a-8522-0de3ea5e7e6e","Timestamp":"2023-06-21T10:11:41Z","AggregateId":"4d184d5a-f661-48c9-b0d8-deabdf65ac13--fd3c19af-448f-4bea-b781-deaf0c65dff2","CommitId":"c674494b-3707-41ad-8843-a00944f226e2","EventNumber":"1688119085-94-0-1","EventStreamNumber":14,"Restored":true}},"streamName":null,"eventPosition":null,"eventStreamNumber":0,"data":null}