{"n":{"t":"SchemaFieldsReorderedEvent","s":"schema-4d184d5a-f661-48c9-b0d8-deabdf65ac13--fd3c19af-448f-4bea-b781-deaf0c65dff2","p":"{\u0022fieldIds\u0022:[1,3,6,4],\u0022parentFieldId\u0022:null,\u0022schemaId\u0022:\u0022fd3c19af-448f-4bea-b781-deaf0c65dff2,legislacao\u0022,\u0022appId\u0022:\u00224d184d5a-f661-48c9-b0d8-deabdf65ac13,portal-minfin\u0022,\u0022actor\u0022:\u0022subject:649ea72ca73a6ab44d486e07\u0022,\u0022fromRule\u0022:false}","h":{"EventId":"efa0f5a3-7be3-4eca-be3f-3cf755d456a5","Timestamp":"2023-06-21T10:12:36Z","AggregateId":"4d184d5a-f661-48c9-b0d8-deabdf65ac13--fd3c19af-448f-4bea-b781-deaf0c65dff2","CommitId":"98561b2d-a3e5-4fc3-8c6a-0b3533041110","EventNumber":"1688119085-98-0-1","EventStreamNumber":16,"Restored":true}},"streamName":null,"eventPosition":null,"eventStreamNumber":0,"data":null}