{"n":{"t":"FieldDeletedEvent","s":"schema-4d184d5a-f661-48c9-b0d8-deabdf65ac13--fd3c19af-448f-4bea-b781-deaf0c65dff2","p":"{\u0022fieldId\u0022:\u00224,link-arquivo\u0022,\u0022parentFieldId\u0022:null,\u0022schemaId\u0022:\u0022fd3c19af-448f-4bea-b781-deaf0c65dff2,legislacao\u0022,\u0022appId\u0022:\u00224d184d5a-f661-48c9-b0d8-deabdf65ac13,portal-minfin\u0022,\u0022actor\u0022:\u0022subject:649ea72ca73a6ab44d486e07\u0022,\u0022fromRule\u0022:false}","h":{"EventId":"3689b6c0-822e-4a9c-86b7-f4984dc28575","Timestamp":"2023-06-21T10:16:10Z","AggregateId":"4d184d5a-f661-48c9-b0d8-deabdf65ac13--fd3c19af-448f-4bea-b781-deaf0c65dff2","CommitId":"6702c1cc-00e8-456f-86a5-6048d9fe4cb4","EventNumber":"1688119085-100-0-1","EventStreamNumber":17,"Restored":true}},"streamName":null,"eventPosition":null,"eventStreamNumber":0,"data":null}